time,balance,drawdown,event,amount,symbol
2025-11-17 19:10:00+00:00,4900.0,-100.0,trade,-99.99999999999972,GOLD
2025-11-17 19:25:00+00:00,4802.000000000001,-197.9999999999991,trade,-97.99999999999922,GOLD
2025-11-17 19:30:00+00:00,4705.960000000004,-294.0399999999963,trade,-96.03999999999735,GOLD
2025-11-18 12:15:00+00:00,4611.840800000006,-388.1591999999937,trade,-94.119199999997,BTCUSD
2025-11-18 13:40:00+00:00,4519.603984000008,-480.3960159999924,trade,-92.23681599999861,BTCUSD
2025-11-18 14:15:00+00:00,4429.211904320008,-570.7880956799918,trade,-90.39207967999927,GOLD
2025-11-18 14:30:00+00:00,4500.07929478913,-499.92070521087044,trade,70.86739046912118,GOLD
2025-11-18 14:50:00+00:00,4572.080563505756,-427.9194364942441,trade,72.00126871662607,GOLD
2025-11-19 14:10:00+00:00,4480.638952235638,-519.3610477643624,trade,-91.44161127011836,BTCUSD
2025-11-19 14:30:00+00:00,4391.026173190926,-608.9738268090741,trade,-89.61277904471132,BTCUSD
2025-11-19 17:00:00+00:00,4303.205649727107,-696.7943502728931,trade,-87.82052346381924,GOLD
2025-11-19 17:25:00+00:00,4372.056940122741,-627.9430598772587,trade,68.85129039563465,GOLD
2025-11-20 09:50:00+00:00,4284.615801320284,-715.3841986797161,trade,-87.44113880245698,BTCUSD
2025-11-20 13:30:00+00:00,4353.169654141406,-646.8303458585942,trade,68.55385282112215,GOLD
2025-11-20 13:50:00+00:00,4266.106261058578,-733.8937389414223,trade,-87.06339308282811,BTCUSD
2025-11-20 17:20:00+00:00,4334.363961235515,-665.6360387644854,trade,68.25770017693651,GOLD
2025-11-20 20:10:00+00:00,4403.713784615284,-596.2862153847163,trade,69.34982337976925,GOLD
2025-11-21 07:30:00+00:00,4667.936611692199,-332.0633883078008,trade,264.2228270769155,BTCUSD
2025-11-21 07:35:00+00:00,4574.577879458356,-425.4221205416443,trade,-93.35873223384374,BTCUSD
2025-11-21 14:15:00+00:00,4647.771125529691,-352.22887447030917,trade,73.19324607133493,GOLD
2025-11-21 16:50:00+00:00,4554.815703019099,-445.1842969809013,trade,-92.95542251059194,GOLD
2025-11-21 17:10:00+00:00,4627.692754267404,-372.30724573259613,trade,72.87705124830532,GOLD
2025-11-22 11:05:00+00:00,4535.138899182055,-464.86110081794504,trade,-92.5538550853492,BTCUSD
2025-11-22 14:45:00+00:00,4444.436121198418,-555.5638788015822,trade,-90.70277798363705,BTCUSD
2025-11-23 11:00:00+00:00,4355.547398774452,-644.4526012255483,trade,-88.88872242396606,BTCUSD
2025-11-23 13:10:00+00:00,4268.436450798967,-731.5635492010333,trade,-87.11094797548519,BTCUSD
2025-11-24 09:20:00+00:00,4524.542637846902,-475.4573621530981,trade,256.10618704793484,BTCUSD
2025-11-24 11:35:00+00:00,4434.051785089963,-565.9482149100368,trade,-90.49085275693908,BTCUSD
2025-11-24 13:40:00+00:00,4504.9966136514,-495.00338634859963,trade,70.94482856143672,GOLD
2025-11-24 18:35:00+00:00,4414.896681378374,-585.1033186216264,trade,-90.0999322730268,GOLD
2025-11-24 18:50:00+00:00,4326.598747750808,-673.4012522491921,trade,-88.29793362756602,GOLD
2025-11-25 07:50:00+00:00,4586.1946726158585,-413.8053273841415,trade,259.59592486505096,BTCUSD
2025-11-25 08:20:00+00:00,4494.47077916354,-505.5292208364599,trade,-91.7238934523186,BTCUSD
2025-11-25 14:55:00+00:00,4566.3823116301555,-433.6176883698445,trade,71.91153246661547,GOLD
2025-11-25 17:30:00+00:00,4475.054665397555,-524.9453346024447,trade,-91.32764623260043,GOLD
2025-11-25 17:35:00+00:00,4546.655540043913,-453.3444599560871,trade,71.60087464635755,GOLD
2025-11-26 08:00:00+00:00,4455.72242924303,-544.2775707569699,trade,-90.9331108008825,BTCUSD
2025-11-26 09:20:00+00:00,4723.065774997617,-276.93422500238285,trade,267.34334575458684,BTCUSD
2025-11-26 14:30:00+00:00,4798.634827397581,-201.36517260241908,trade,75.56905239996378,GOLD
2025-11-26 18:30:00+00:00,4875.4129846359465,-124.58701536405351,trade,76.77815723836544,GOLD
2025-11-27 09:15:00+00:00,5167.937763714099,0.0,trade,292.52477907815273,BTCUSD
2025-11-27 09:20:00+00:00,5064.579008439811,-103.35875527428743,trade,-103.35875527428783,BTCUSD
2025-11-28 08:10:00+00:00,4963.287428271022,-204.65033544307698,trade,-101.29158016878931,BTCUSD
2025-11-28 11:00:00+00:00,4864.021679705603,-303.916084008496,trade,-99.26574856541913,BTCUSD
2025-11-28 14:35:00+00:00,4766.741246111489,-401.1965176026097,trade,-97.28043359411382,GOLD
2025-11-28 14:40:00+00:00,4843.009106049277,-324.9286576648219,trade,76.26785993778799,GOLD
2025-11-28 15:00:00+00:00,4920.497251746069,-247.44051196802957,trade,77.48814569679269,GOLD
2025-11-29 08:05:00+00:00,4822.087306711144,-345.8504570029545,trade,-98.40994503492449,BTCUSD
2025-11-29 10:20:00+00:00,4725.64556057692,-442.29220313717906,trade,-96.44174613422463,BTCUSD
2025-11-30 08:20:00+00:00,5009.184294211527,-158.75346950257153,trade,283.53873363460724,BTCUSD
2025-11-30 08:25:00+00:00,4909.0006083272865,-258.93715538681226,trade,-100.18368588424042,BTCUSD
2025-12-01 11:40:00+00:00,3909.0006083272865,-1258.9371553868123,withdrawal,-1000.0,
2025-12-01 11:40:00+00:00,4143.540644826919,-1024.39711888718,trade,234.5400364996317,BTCUSD
2025-12-01 12:05:00+00:00,4392.153083516529,-775.7846801975702,trade,248.61243868960952,BTCUSD
2025-12-01 14:45:00+00:00,4462.427532852793,-705.5102308613059,trade,70.27444933626467,GOLD
2025-12-02 08:40:00+00:00,4373.178982195734,-794.7587815183651,trade,-89.24855065705891,BTCUSD
2025-12-02 10:50:00+00:00,4635.569721127474,-532.368042586625,trade,262.3907389317403,BTCUSD
2025-12-02 14:40:00+00:00,4709.738836665512,-458.1989270485865,trade,74.16911553803858,GOLD
2025-12-02 15:50:00+00:00,4615.544059932199,-552.3937037818996,trade,-94.19477673331333,GOLD
2025-12-02 16:30:00+00:00,4689.392764891112,-478.5449988229866,trade,73.84870495891343,GOLD
2025-12-03 10:00:00+00:00,4595.604909593289,-572.3328541208093,trade,-93.78785529782301,BTCUSD
2025-12-03 10:25:00+00:00,4503.692811401427,-664.2449523126716,trade,-91.9120981918624,BTCUSD
2025-12-03 13:45:00+00:00,4413.618955173397,-754.3188085407019,trade,-90.07385622803032,GOLD
2025-12-03 13:50:00+00:00,4325.3465760699255,-842.5911876441733,trade,-88.27237910347128,GOLD
2025-12-03 14:05:00+00:00,4394.552121287048,-773.3856424270507,trade,69.20554521712242,GOLD
2025-12-04 08:05:00+00:00,4306.66107886131,-861.276684852789,trade,-87.89104242573815,BTCUSD
2025-12-04 12:40:00+00:00,4220.527857284082,-947.4099064300171,trade,-86.13322157722818,BTCUSD
2025-12-04 16:35:00+00:00,4288.0563030006315,-879.8814607134673,trade,67.52844571655018,GOLD
2025-12-05 07:10:00+00:00,4202.295176940617,-965.6425867734815,trade,-85.76112606001466,BTCUSD
2025-12-05 07:40:00+00:00,4118.2492734018,-1049.688490312299,trade,-84.04590353881731,BTCUSD
2025-12-05 13:40:00+00:00,4184.141261776231,-983.796501937868,trade,65.89198837443095,GOLD
2025-12-05 15:50:00+00:00,4251.087521964654,-916.8502417494446,trade,66.94626018842371,GOLD
2025-12-05 16:25:00+00:00,4319.104922316088,-848.8328413980107,trade,68.01740035143357,GOLD
2025-12-06 09:10:00+00:00,4232.722823869776,-935.2149398443225,trade,-86.38209844631191,BTCUSD
2025-12-06 14:20:00+00:00,4148.068367392374,-1019.8693963217247,trade,-84.6544564774019,BTCUSD
2025-12-07 08:10:00+00:00,4396.9524694359125,-770.9852942781863,trade,248.88410204353843,BTCUSD
2025-12-07 09:25:00+00:00,4309.0134200471875,-858.9243436669112,trade,-87.93904938872463,BTCUSD
2025-12-08 07:45:00+00:00,4222.83315164624,-945.1046120678584,trade,-86.1802684009472,BTCUSD
2025-12-08 10:05:00+00:00,4138.376488613321,-1029.5612751007775,trade,-84.45666303291937,BTCUSD
2025-12-08 15:20:00+00:00,4204.5905124311375,-963.3472512829612,trade,66.21402381781598,GOLD
2025-12-08 16:15:00+00:00,4271.863960630035,-896.0738030840639,trade,67.27344819889757,GOLD
2025-12-08 20:05:00+00:00,4340.213784000124,-827.7239797139746,trade,68.3498233700892,GOLD
2025-12-09 09:00:00+00:00,4253.409508320116,-914.5282553939824,trade,-86.80427568000752,BTCUSD
2025-12-09 10:35:00+00:00,4508.614078819321,-659.3236848947781,trade,255.20457049920404,BTCUSD
2025-12-09 16:20:00+00:00,4580.751904080432,-587.185859633667,trade,72.13782526111115,GOLD
2025-12-09 16:55:00+00:00,4654.043934545719,-513.8938291683799,trade,73.29203046528718,GOLD
2025-12-09 19:20:00+00:00,4728.5086374984485,-439.4291262156503,trade,74.4647029527297,GOLD
2025-12-10 08:00:00+00:00,4633.938464748482,-533.9992989656166,trade,-94.5701727499664,BTCUSD
2025-12-10 10:00:00+00:00,4911.974772633392,-255.96299108070707,trade,278.03630788491,BTCUSD
2025-12-10 18:50:00+00:00,4990.566368995516,-177.37139471858245,trade,78.59159636212459,GOLD
2025-12-10 19:10:00+00:00,5070.415430899441,-97.5223328146576,trade,79.84906190392525,GOLD
2025-12-11 12:20:00+00:00,4969.007122281452,-198.93064143264655,trade,-101.40830861798882,BTCUSD
2025-12-11 13:00:00+00:00,4869.626979835819,-298.31078387827984,trade,-99.38014244563301,BTCUSD
2025-12-11 14:35:00+00:00,4772.234440239101,-395.7033234749979,trade,-97.39253959671792,GOLD
2025-12-11 14:45:00+00:00,4848.590191282931,-319.34757243116746,trade,76.35575104383062,GOLD
2025-12-11 16:45:00+00:00,4751.61838745727,-416.31937625682895,trade,-96.97180382566172,GOLD
2025-12-12 10:45:00+00:00,4656.586019708129,-511.3517440059695,trade,-95.03236774914078,BTCUSD
2025-12-12 13:20:00+00:00,4563.454299313968,-604.4834644001312,trade,-93.13172039416145,BTCUSD
2025-12-12 14:30:00+00:00,4636.469568102996,-531.4681956111026,trade,73.01526878902816,GOLD
2025-12-12 17:40:00+00:00,4710.653081192645,-457.28468252145376,trade,74.18351308964864,GOLD
2025-12-13 11:45:00+00:00,4616.440019568794,-551.4977441453048,trade,-94.21306162385068,BTCUSD
2025-12-13 13:00:00+00:00,4524.111219177422,-643.8265445366769,trade,-92.3288003913726,BTCUSD
2025-12-14 10:10:00+00:00,4795.55789232806,-372.37987138603876,trade,271.44667315063805,BTCUSD
2025-12-14 10:15:00+00:00,4699.646734481495,-468.29102923260416,trade,-95.9111578465654,BTCUSD
2025-12-15 09:10:00+00:00,4605.653799791871,-562.2839639222275,trade,-93.99293468962316,BTCUSD
2025-12-15 12:15:00+00:00,4513.540723796031,-654.397039918068,trade,-92.11307599584023,BTCUSD
2025-12-15 17:45:00+00:00,4585.75737537677,-582.1803883373286,trade,72.21665158073962,GOLD
2025-12-16 07:45:00+00:00,4494.04222786924,-673.8955358448584,trade,-91.71514750752965,BTCUSD
2025-12-16 10:40:00+00:00,4763.684761541389,-404.2530021727098,trade,269.64253367214826,BTCUSD
2025-12-16 13:20:00+00:00,4668.411066310567,-499.5266974035321,trade,-95.27369523082267,GOLD
2025-12-16 13:30:00+00:00,4575.0428449843575,-592.8949187297412,trade,-93.36822132620901,GOLD
2025-12-16 13:40:00+00:00,4648.243530504102,-519.694233209997,trade,73.20068551974434,GOLD
2025-12-17 10:10:00+00:00,4555.278659894024,-612.659103820075,trade,-92.96487061007807,BTCUSD
2025-12-17 12:10:00+00:00,4464.1730866961425,-703.7646770179563,trade,-91.10557319788143,BTCUSD
2025-12-17 13:30:00+00:00,4374.889624962216,-793.048138751883,trade,-89.2834617339267,GOLD
2025-12-17 13:40:00+00:00,4287.391832462969,-880.5459312511293,trade,-87.49779249924629,GOLD
2025-12-17 13:45:00+00:00,4355.990101782376,-811.9476619317229,trade,68.59826931940641,GOLD
2025-12-18 08:00:00+00:00,4268.870299746725,-899.0674639673734,trade,-87.1198020356506,BTCUSD
2025-12-18 09:00:00+00:00,4183.492893751796,-984.4448699623026,trade,-85.37740599492878,BTCUSD
2025-12-18 13:15:00+00:00,4250.428780051832,-917.5089836622665,trade,66.93588630003624,GOLD
2025-12-18 14:00:00+00:00,4318.43564053266,-849.502123181439,trade,68.0068604808278,GOLD
2025-12-18 16:10:00+00:00,4232.066927722003,-935.8708359920956,trade,-86.36871281065713,GOLD
2025-12-19 07:10:00+00:00,4485.990943385325,-681.9468203287734,trade,253.92401566332262,BTCUSD
2025-12-19 07:15:00+00:00,4396.2711245176215,-771.6666391964773,trade,-89.71981886770394,BTCUSD
2025-12-19 17:55:00+00:00,4308.345702027271,-859.592061686828,trade,-87.92542249035066,GOLD
2025-12-19 18:30:00+00:00,4377.279233259708,-790.6585304543905,trade,68.93353123243774,GOLD
2025-12-20 12:10:00+00:00,4289.733648594512,-878.2041151195872,trade,-87.54558466519627,BTCUSD
2025-12-20 13:20:00+00:00,4203.938975622615,-963.9987880914841,trade,-85.7946729718967,BTCUSD
2025-12-21 07:45:00+00:00,4119.86019611014,-1048.0775676039584,trade,-84.07877951247433,BTCUSD
2025-12-21 08:30:00+00:00,4367.051807876741,-800.8859558373579,trade,247.19161176660046,BTCUSD
2025-12-22 08:15:00+00:00,4629.074916349343,-538.8628473647559,trade,262.02310847260156,BTCUSD
2025-12-22 08:20:00+00:00,4906.8194113303025,-261.11835238379626,trade,277.74449498095964,BTCUSD
2025-12-22 13:10:00+00:00,4808.683023103697,-359.2547406104013,trade,-98.13638822660536,GOLD
2025-12-22 13:20:00+00:00,4885.6219514733575,-282.31581224074125,trade,76.93892836966013,GOLD
2025-12-22 20:05:00+00:00,4846.077649523825,-321.86011419027363,trade,-39.54430194953198,GOLD
2025-12-23 09:40:00+00:00,4749.15609653334,-418.78166718075863,trade,-96.92155299048511,BTCUSD
2025-12-23 13:40:00+00:00,4654.172974602668,-513.7647891114311,trade,-94.98312193067208,BTCUSD
2025-12-23 14:55:00+00:00,4561.089515110612,-606.8482486034864,trade,-93.08345949205531,GOLD
2025-12-23 15:00:00+00:00,4469.867724808399,-698.0700389057001,trade,-91.22179030221363,GOLD
2025-12-23 15:10:00+00:00,4541.385608405331,-626.5521553087674,trade,71.51788359693245,GOLD
2025-12-24 08:25:00+00:00,4450.557896237223,-717.3798674768759,trade,-90.82771216810876,BTCUSD
2025-12-24 10:05:00+00:00,4361.54673831248,-806.3910254016191,trade,-89.01115792474276,BTCUSD
2025-12-24 13:35:00+00:00,4431.331486125477,-736.6062775886221,trade,69.78474781299737,GOLD
2025-12-24 16:00:00+00:00,4502.232789903485,-665.7049738106134,trade,70.90130377800854,GOLD
2025-12-25 08:25:00+00:00,4412.188134105412,-755.7496296086865,trade,-90.04465579807267,BTCUSD
2025-12-25 10:40:00+00:00,4323.944371423306,-843.993392290793,trade,-88.2437626821063,BTCUSD
2025-12-26 07:30:00+00:00,4237.465483994839,-930.4722797192599,trade,-86.47888742846723,BTCUSD
2025-12-26 09:55:00+00:00,4152.716174314941,-1015.2215893991579,trade,-84.74930967989815,BTCUSD
2025-12-26 13:45:00+00:00,4219.159633103978,-948.7781306101206,trade,66.44345878903768,GOLD
2025-12-26 14:40:00+00:00,4286.66618723364,-881.2715764804589,trade,67.50655412966177,GOLD
2025-12-26 16:10:00+00:00,4355.252846229381,-812.6849174847175,trade,68.58665899574176,GOLD
2025-12-27 11:15:00+00:00,4268.147789304794,-899.7899744093047,trade,-87.10505692458763,BTCUSD
2025-12-27 13:35:00+00:00,4182.784833518678,-985.1529301954206,trade,-85.36295578611586,BTCUSD
2025-12-28 08:30:00+00:00,4099.129136848296,-1068.8086268658026,trade,-83.65569667038224,BTCUSD
2025-12-28 08:40:00+00:00,4345.076885059206,-822.860878654893,trade,245.94774821090942,BTCUSD
2025-12-29 09:40:00+00:00,4605.781498162756,-562.1562655513426,trade,260.7046131035505,BTCUSD
2025-12-29 10:55:00+00:00,4882.12838805252,-285.809375661579,trade,276.3468898897639,BTCUSD
2025-12-29 13:45:00+00:00,4784.485820291474,-383.45194342262494,trade,-97.64256776104621,GOLD
2025-12-29 14:00:00+00:00,4688.796103885646,-479.14165982845316,trade,-95.68971640582785,GOLD
2025-12-29 14:30:00+00:00,4595.020181807935,-572.9175819061638,trade,-93.77592207771097,GOLD
2025-12-30 08:10:00+00:00,4870.7213927164175,-297.2163709976812,trade,275.7012109084828,BTCUSD
2025-12-30 08:15:00+00:00,5162.964676279408,-4.973087434690569,trade,292.24328356299054,BTCUSD
2025-12-30 13:10:00+00:00,5245.572111099878,0.0,trade,82.60743482047013,GOLD
2025-12-30 19:45:00+00:00,5140.660668877889,-104.91144222198909,trade,-104.91144222198916,GOLD
2025-12-30 19:50:00+00:00,5037.847455500327,-207.72465559955162,trade,-102.81321337756214,GOLD
2025-12-31 08:35:00+00:00,4937.090506390316,-308.4816047095628,trade,-100.75694911001142,BTCUSD
2025-12-31 10:20:00+00:00,4838.3486962624975,-407.2234148373809,trade,-98.74181012781794,BTCUSD
2025-12-31 13:55:00+00:00,4741.581722337247,-503.9903887626315,trade,-96.76697392525033,GOLD
2025-12-31 14:00:00+00:00,4817.447029894639,-428.12508120523944,trade,75.86530755739194,GOLD
2025-12-31 14:25:00+00:00,4894.526182372955,-351.0459287269232,trade,77.0791524783158,GOLD
2026-01-01 09:20:00+00:00,3894.526182372955,-1351.0459287269232,withdrawal,-1000.0,
2026-01-01 09:20:00+00:00,3816.635658725494,-1428.9364523743843,trade,-77.89052364746105,BTCUSD
2026-01-01 12:30:00+00:00,3740.3029455510004,-1505.269165548878,trade,-76.33271317449363,BTCUSD
2026-01-02 09:45:00+00:00,3964.7211222840538,-1280.8509888158246,trade,224.41817673305317,BTCUSD
2026-01-02 09:50:00+00:00,3885.4266998383746,-1360.1454112615038,trade,-79.29442244567929,BTCUSD
2026-01-02 15:00:00+00:00,3807.7181658416057,-1437.8539452582727,trade,-77.70853399676892,GOLD
2026-01-02 15:20:00+00:00,3731.5638025247763,-1514.008308575102,trade,-76.15436331682918,GOLD
2026-01-02 15:40:00+00:00,3791.268823365175,-1454.3032877347032,trade,59.70502084039875,GOLD
2026-01-03 08:25:00+00:00,3715.443446897875,-1530.1286642020032,trade,-75.82537646729982,BTCUSD
2026-01-03 12:20:00+00:00,3641.134577959916,-1604.4375331399624,trade,-74.30886893795942,BTCUSD
2026-01-04 10:15:00+00:00,3568.3118864007097,-1677.2602246991687,trade,-72.82269155920612,BTCUSD
2026-01-04 14:15:00+00:00,3496.9456486726917,-1748.6264624271867,trade,-71.36623772801777,BTCUSD
2026-01-05 08:35:00+00:00,3427.0067356992445,-1818.565375400634,trade,-69.93891297344744,BTCUSD
2026-01-05 10:00:00+00:00,3358.466600985256,-1887.1055101146226,trade,-68.54013471398852,BTCUSD
2026-01-05 13:30:00+00:00,3412.202066601019,-1833.3700444988594,trade,53.735465615763,GOLD
2026-01-05 15:00:00+00:00,3343.958025268998,-1901.6140858308804,trade,-68.2440413320211,GOLD
2026-01-05 15:25:00+00:00,3397.461353673301,-1848.1107574265775,trade,53.50332840430275,GOLD
2026-01-06 07:35:00+00:00,3601.3090348937044,-1644.263076206174,trade,203.84768122040347,BTCUSD
2026-01-06 08:05:00+00:00,3529.2828541958265,-1716.2892569040519,trade,-72.02618069787776,BTCUSD
2026-01-06 14:50:00+00:00,3458.6971971119106,-1786.8749139879678,trade,-70.585657083916,GOLD
2026-01-06 15:10:00+00:00,3514.036352265699,-1731.5357588341794,trade,55.339155153788525,GOLD
2026-01-06 17:40:00+00:00,3570.2609339019486,-1675.3111771979297,trade,56.224581636249596,GOLD
2026-01-07 09:10:00+00:00,3784.4765899360627,-1461.0955211638156,trade,214.21565603411423,BTCUSD
2026-01-07 09:20:00+00:00,4011.5451853322297,-1234.0269257676487,trade,227.06859539616698,BTCUSD
2026-01-07 15:25:00+00:00,4075.729908297544,-1169.8422028023342,trade,64.18472296531446,GOLD
2026-01-07 17:00:00+00:00,4140.941586830309,-1104.6305242695698,trade,65.21167853276461,GOLD
2026-01-08 07:10:00+00:00,4058.1227550937037,-1187.4493560061746,trade,-82.81883173660479,BTCUSD
2026-01-08 10:20:00+00:00,3976.960299991833,-1268.6118111080455,trade,-81.16245510187069,BTCUSD
2026-01-08 16:35:00+00:00,3897.4210939919985,-1348.1510171078799,trade,-79.53920599983454,GOLD
2026-01-08 18:05:00+00:00,3959.779831495876,-1285.7922796040025,trade,62.358737503877165,GOLD
2026-01-09 08:00:00+00:00,3880.5842348659535,-1364.987876233925,trade,-79.19559662992265,BTCUSD
2026-01-09 08:05:00+00:00,3802.9725501686344,-1442.599560931244,trade,-77.61168469731908,BTCUSD
2026-01-09 16:10:00+00:00,3863.8201109713336,-1381.7520001285448,trade,60.847560802699185,GOLD
2026-01-10 08:05:00+00:00,3786.543708751892,-1459.0284023479862,trade,-77.27640221944158,BTCUSD
2026-01-10 12:00:00+00:00,3710.8128345768487,-1534.7592765230297,trade,-75.7308741750437,BTCUSD
2026-01-11 08:35:00+00:00,3636.596577885318,-1608.9755332145605,trade,-74.216256691531,BTCUSD
2026-01-11 09:25:00+00:00,3563.864646327623,-1681.7074647722552,trade,-72.73193155769462,BTCUSD
2026-01-12 08:05:00+00:00,3492.5873534010702,-1752.9847576988082,trade,-71.2772929265531,BTCUSD
2026-01-12 08:35:00+00:00,3702.142594605135,-1543.4295164947434,trade,209.55524120406477,BTCUSD
2026-01-12 13:05:00+00:00,3628.099742713029,-1617.4723683868492,trade,-74.0428518921058,GOLD
2026-01-12 13:10:00+00:00,3555.537747858774,-1690.0343632411045,trade,-72.5619948542554,GOLD
2026-01-12 13:40:00+00:00,3484.4269929015986,-1761.1451181982798,trade,-71.11075495717512,GOLD
2026-01-13 09:20:00+00:00,3693.492612475698,-1552.0794986241804,trade,209.0656195740995,BTCUSD
2026-01-13 09:35:00+00:00,3619.6227602261833,-1625.949350873695,trade,-73.86985224951468,BTCUSD
2026-01-13 13:30:00+00:00,3547.230305021656,-1698.3418060782224,trade,-72.39245520452748,GOLD
2026-01-13 14:20:00+00:00,3476.2856989212214,-1769.286412178657,trade,-70.94460610043481,GOLD
2026-01-13 18:20:00+00:00,3406.759984942796,-1838.8121261570823,trade,-69.52571397842529,GOLD
2026-01-14 08:35:00+00:00,3338.624785243944,-1906.9473258559342,trade,-68.13519969885175,BTCUSD
2026-01-14 13:30:00+00:00,3271.852289539061,-1973.7198215608173,trade,-66.77249570488316,BTCUSD
2026-01-14 14:50:00+00:00,3324.201926171688,-1921.3701849281906,trade,52.349636632626535,GOLD
2026-01-14 15:10:00+00:00,3377.389156990436,-1868.1829541094426,trade,53.187230818748205,GOLD
2026-01-14 19:00:00+00:00,3309.841373850628,-1935.7307372492505,trade,-67.54778313980776,GOLD
2026-01-15 08:00:00+00:00,3243.6445463736154,-2001.927564726263,trade,-66.19682747701256,BTCUSD
2026-01-15 09:40:00+00:00,3438.2632191560365,-1807.308891943842,trade,194.61867278242119,BTCUSD
2026-01-15 13:45:00+00:00,3369.497954772915,-1876.0741563269635,trade,-68.76526438312167,GOLD
2026-01-15 14:05:00+00:00,3423.409922049284,-1822.1621890505944,trade,53.911967276369005,GOLD
2026-01-15 18:30:00+00:00,3478.184480802075,-1767.3876302978033,trade,54.77455875279109,GOLD
2026-01-16 10:30:00+00:00,3686.8755496501926,-1558.6965614496858,trade,208.69106884811762,BTCUSD
2026-01-16 11:50:00+00:00,3613.138038657185,-1632.4340724426934,trade,-73.73751099300772,BTCUSD
2026-01-16 13:30:00+00:00,3670.9482472756963,-1574.623863824182,trade,57.810208618511275,GOLD
2026-01-16 15:30:00+00:00,3597.5292823301834,-1648.042828769695,trade,-73.41896494551281,GOLD
2026-01-16 15:45:00+00:00,3655.0897508474663,-1590.482360252412,trade,57.56046851728304,GOLD
2026-01-17 08:15:00+00:00,3581.9879558305065,-1663.5841552693719,trade,-73.10179501696,BTCUSD
2026-01-17 11:20:00+00:00,3510.3481967138987,-1735.2239143859797,trade,-71.63975911660782,BTCUSD
2026-01-18 07:45:00+00:00,3440.141232779611,-1805.4308783202673,trade,-70.20696393428759,BTCUSD
2026-01-18 10:00:00+00:00,3371.338408124022,-1874.2337029758564,trade,-68.80282465558932,BTCUSD
2026-01-19 13:35:00+00:00,3303.9116399615364,-1941.660471138342,trade,-67.42676816248539,BTCUSD
2026-01-19 14:45:00+00:00,3237.833407162305,-2007.7387039375735,trade,-66.0782327992315,BTCUSD
2026-01-19 18:00:00+00:00,3289.6387416768957,-1955.9333694229827,trade,51.80533451459095,GOLD
2026-01-19 18:30:00+00:00,3342.2729615437206,-1903.2991495561578,trade,52.634219866824914,GOLD
2026-01-20 08:45:00+00:00,3275.4275023128484,-1970.14460878703,trade,-66.84545923087202,BTCUSD
2026-01-20 12:25:00+00:00,3209.9189522665934,-2035.653158833285,trade,-65.50855004625501,BTCUSD
2026-01-20 14:30:00+00:00,3261.2776555028595,-1984.294455597019,trade,51.358703236266074,GOLD
2026-01-20 16:55:00+00:00,3196.0521023928027,-2049.5200087070757,trade,-65.22555311005695,GOLD
2026-01-20 17:00:00+00:00,3247.18893603109,-1998.3831750687882,trade,51.13683363828768,GOLD
2026-01-21 07:55:00+00:00,3442.0202721929536,-1803.5518389069248,trade,194.83133616186356,BTCUSD
2026-01-21 08:55:00+00:00,3373.1798667490957,-1872.3922443507827,trade,-68.84040544385802,BTCUSD
2026-01-21 14:00:00+00:00,3427.150744617081,-1818.4213664827976,trade,53.97087786798514,GOLD
2026-01-21 17:50:00+00:00,3481.9851565309527,-1763.5869545689256,trade,54.83441191387199,GOLD
2026-01-21 19:50:00+00:00,3412.345453400332,-1833.2266576995462,trade,-69.63970313062035,GOLD
2026-01-22 10:00:00+00:00,3344.098544332323,-1901.4735667675554,trade,-68.24690906800929,BTCUSD
2026-01-22 13:30:00+00:00,3277.2165734456776,-1968.3555376542008,trade,-66.88197088664516,BTCUSD
2026-01-22 14:45:00+00:00,3329.652038620807,-1915.9200724790712,trade,52.435465175129764,GOLD
2026-01-22 14:55:00+00:00,3382.9264712387426,-1862.6456398611358,trade,53.274432617935595,GOLD
2026-01-22 15:50:00+00:00,3315.267941813967,-1930.3041692859115,trade,-67.65852942477584,GOLD
2026-01-23 09:15:00+00:00,3514.1840183228105,-1731.3880927770679,trade,198.91607650884384,BTCUSD
2026-01-23 11:05:00+00:00,3443.900337956354,-1801.6717731435242,trade,-70.28368036645621,BTCUSD
2026-01-23 14:55:00+00:00,3499.002743363655,-1746.5693677362233,trade,55.10240540730093,GOLD
2026-01-23 16:25:00+00:00,3429.022688496381,-1816.5494226034975,trade,-69.98005486727443,GOLD
2026-01-23 16:45:00+00:00,3483.8870515123235,-1761.6850595875549,trade,54.86436301594273,GOLD
2026-01-24 08:50:00+00:00,3414.2093104820906,-1831.3628006177878,trade,-69.67774103023291,BTCUSD
2026-01-24 12:30:00+00:00,3345.925124272452,-1899.6469868274262,trade,-68.28418620963821,BTCUSD
2026-01-25 08:40:00+00:00,3546.680631728794,-1698.8914793710842,trade,200.7555074563421,BTCUSD
2026-01-25 09:20:00+00:00,3475.7470190942176,-1769.8250920056607,trade,-70.93361263457665,BTCUSD
2026-01-26 08:10:00+00:00,3406.232078712333,-1839.3400323875453,trade,-69.51494038188436,BTCUSD
2026-01-26 08:45:00+00:00,3338.107437138084,-1907.4646739617942,trade,-68.12464157424898,BTCUSD
2026-01-26 19:05:00+00:00,3391.517156132295,-1854.0549549675834,trade,53.40971899421069,GOLD
2026-01-26 19:30:00+00:00,3445.7814306304113,-1799.7906804694671,trade,54.26427449811632,GOLD
2026-01-27 09:05:00+00:00,3652.5283164682337,-1593.0437946316447,trade,206.74688583782236,BTCUSD
2026-01-27 09:10:00+00:00,3579.4777501388617,-1666.0943609610167,trade,-73.05056632937183,BTCUSD
2026-01-27 14:30:00+00:00,3636.749394141085,-1608.8227169587935,trade,57.271644002223155,GOLD
2026-01-28 10:15:00+00:00,3854.954357789552,-1390.6177533103264,trade,218.20496364846733,BTCUSD
2026-01-28 11:55:00+00:00,4086.25161925692,-1159.3204918429583,trade,231.2972614673683,BTCUSD
2026-01-28 13:10:00+00:00,4151.631645165031,-1093.9404659348475,trade,65.38002590811072,GOLD
2026-01-28 17:35:00+00:00,4218.0577514876695,-1027.5143596122089,trade,66.42610632263865,GOLD
2026-01-28 20:00:00+00:00,4133.696596457915,-1111.8755146419635,trade,-84.3611550297542,GOLD
2026-01-29 08:25:00+00:00,4051.022664528754,-1194.5494465711245,trade,-82.6739319291611,BTCUSD
2026-01-29 11:05:00+00:00,3970.002211238173,-1275.5698998617054,trade,-81.0204532905807,BTCUSD
2026-01-29 15:10:00+00:00,3890.602167013409,-1354.9699440864692,trade,-79.40004422476366,GOLD
2026-01-29 15:15:00+00:00,3812.7901236731414,-1432.781987426737,trade,-77.81204334026759,GOLD
2026-01-29 15:25:00+00:00,3736.5343211996783,-1509.0377899002,trade,-76.25580247346322,GOLD
2026-01-30 09:35:00+00:00,3661.803634775682,-1583.7684763241964,trade,-74.7306864239961,BTCUSD
2026-01-30 14:00:00+00:00,3720.3924929320924,-1525.179618167786,trade,58.58885815641031,GOLD
2026-01-30 14:45:00+00:00,3645.9846430734515,-1599.587468026427,trade,-74.40784985864082,BTCUSD
2026-01-30 16:40:00+00:00,3704.320397362627,-1541.2517137372515,trade,58.33575428917555,GOLD
2026-01-30 17:40:00+00:00,3630.233989415374,-1615.3381216845046,trade,-74.08640794725312,GOLD
2026-01-31 08:10:00+00:00,3848.048028780293,-1397.5240823195854,trade,217.81403936491935,BTCUSD
2026-01-31 08:30:00+00:00,4078.930910507107,-1166.6412005927714,trade,230.88288172681416,BTCUSD
2026-02-01 07:10:00+00:00,3078.930910507107,-2166.6412005927714,withdrawal,-1000.0,
2026-02-01 07:10:00+00:00,3017.3522922969664,-2228.219818802912,trade,-61.578618210140554,BTCUSD
2026-02-01 11:30:00+00:00,2957.0052464510277,-2288.5668646488507,trade,-60.3470458459386,BTCUSD
2026-02-02 08:20:00+00:00,2897.865141522008,-2347.7069695778705,trade,-59.140104929019834,BTCUSD
2026-02-02 12:20:00+00:00,3071.737050013327,-2173.8350610865514,trade,173.87190849131923,BTCUSD
2026-02-02 16:05:00+00:00,3120.8848428135398,-2124.6872682863386,trade,49.14779280021279,GOLD
2026-02-02 18:30:00+00:00,3170.8190002985557,-2074.7531108013227,trade,49.934157485015895,GOLD
2026-02-03 08:50:00+00:00,3107.402620292583,-2138.1694908072955,trade,-63.41638000597274,BTCUSD
2026-02-03 09:20:00+00:00,3045.254567886731,-2200.3175432131475,trade,-62.14805240585202,BTCUSD
2026-02-03 13:55:00+00:00,3093.9786409729177,-2151.5934701269607,trade,48.72407308618687,GOLD
2026-02-03 16:35:00+00:00,3032.099068153459,-2213.4730429464194,trade,-61.87957281945886,GOLD
2026-02-03 16:45:00+00:00,3080.6126532439143,-2164.959457855964,trade,48.51358509045519,GOLD
2026-02-04 08:10:00+00:00,3019.000400179039,-2226.5717109208395,trade,-61.61225306487526,BTCUSD
2026-02-04 08:35:00+00:00,2958.620392175457,-2286.9517189244216,trade,-60.38000800358202,BTCUSD
2026-02-04 14:50:00+00:00,3005.958318450265,-2239.6137926496135,trade,47.337926274808,GOLD
2026-02-04 15:30:00+00:00,2945.8391520812593,-2299.732959018619,trade,-60.119166369005555,GOLD
2026-02-04 16:45:00+00:00,2886.9223690396343,-2358.649742060244,trade,-58.91678304162502,GOLD
2026-02-05 11:05:00+00:00,2829.1839216588423,-2416.388189441036,trade,-57.73844738079207,BTCUSD
2026-02-05 11:25:00+00:00,2772.6002432256646,-2472.971867874214,trade,-56.58367843317779,BTCUSD
2026-02-05 17:00:00+00:00,2816.9618471172757,-2428.6102639826026,trade,44.36160389161096,GOLD
2026-02-06 12:05:00+00:00,2760.62261017493,-2484.9495009249486,trade,-56.339236942345806,BTCUSD
2026-02-06 13:05:00+00:00,2705.4101579714325,-2540.161953128446,trade,-55.212452203497456,BTCUSD
2026-02-06 13:05:00+00:00,2748.696720498975,-2496.8753906009033,trade,43.28656252754249,GOLD
2026-02-06 14:05:00+00:00,2792.6758680269595,-2452.896243072919,trade,43.97914752798443,GOLD
2026-02-06 15:45:00+00:00,2837.358681915391,-2408.2134291844873,trade,44.68281388843147,GOLD
2026-02-07 08:20:00+00:00,2780.6115082770843,-2464.960602822794,trade,-56.74717363830677,BTCUSD
2026-02-07 11:00:00+00:00,2724.999278111541,-2520.5728329883373,trade,-55.612230165543124,BTCUSD
2026-02-08 08:00:00+00:00,2888.4992347982306,-2357.0728763016477,trade,163.49995668668936,BTCUSD
2026-02-08 08:05:00+00:00,2830.7292501022666,-2414.8428609976118,trade,-57.769984695964105,BTCUSD
2026-02-09 08:30:00+00:00,3000.5730051084024,-2244.999105991476,trade,169.84375500613564,BTCUSD
2026-02-09 08:35:00+00:00,2940.5615450062323,-2305.010566093646,trade,-60.0114601021699,BTCUSD
2026-02-09 15:15:00+00:00,2987.610529726331,-2257.9615813735472,trade,47.04898472009866,GOLD
2026-02-09 16:15:00+00:00,2927.858319131806,-2317.713791968072,trade,-59.752210594524875,GOLD
2026-02-09 16:25:00+00:00,2869.3011527491685,-2376.27095835071,trade,-58.55716638263771,GOLD
2026-02-10 11:30:00+00:00,2811.9151296941827,-2433.6569814056957,trade,-57.386023054985806,BTCUSD
2026-02-10 12:05:00+00:00,2755.6768271003016,-2489.895283999577,trade,-56.23830259388121,BTCUSD
2026-02-10 14:35:00+00:00,2799.767656333905,-2445.8044547659733,trade,44.09082923360367,GOLD
2026-02-10 15:45:00+00:00,2844.563938835247,-2401.0081722646314,trade,44.79628250134192,GOLD
2026-02-10 18:40:00+00:00,2890.076961856613,-2355.4951492432656,trade,45.513023021365626,GOLD
2026-02-11 09:50:00+00:00,2832.275422619483,-2413.2966884803955,trade,-57.801539237129646,BTCUSD
2026-02-11 10:10:00+00:00,2775.629914167096,-2469.9421969327823,trade,-56.64550845238673,BTCUSD
2026-02-11 18:00:00+00:00,2820.039992793769,-2425.532118306109,trade,44.410078626673005,GOLD
2026-02-11 19:35:00+00:00,2865.1606326784695,-2380.411478421409,trade,45.12063988470031,GOLD
2026-02-12 08:40:00+00:00,2807.8574200249013,-2437.714691074977,trade,-57.303212653567954,BTCUSD
2026-02-12 10:30:00+00:00,2976.328865226392,-2269.2432458734866,trade,168.4714452014904,BTCUSD
2026-02-12 16:15:00+00:00,2916.8022879218643,-2328.769823178014,trade,-59.52657730452766,GOLD
2026-02-12 16:20:00+00:00,2858.4662421634275,-2387.105868936451,trade,-58.336045758436924,GOLD
2026-02-12 16:25:00+00:00,2801.2969173201595,-2444.275193779719,trade,-57.16932484326803,GOLD
2026-02-13 07:30:00+00:00,2745.270978973756,-2500.3011321261224,trade,-56.0259383464037,BTCUSD
2026-02-13 10:40:00+00:00,2909.9872377121796,-2335.5848733876987,trade,164.71625873842376,BTCUSD
2026-02-13 14:35:00+00:00,2956.5470335155755,-2289.025077584303,trade,46.55979580339574,GOLD
2026-02-13 18:10:00+00:00,2897.416092845264,-2348.1560182546145,trade,-59.13094067031164,GOLD
2026-02-13 19:10:00+00:00,2943.7747503307887,-2301.7973607690897,trade,46.35865748552467,GOLD
2026-02-14 08:05:00+00:00,3120.401235350636,-2125.1708757492424,trade,176.62648501984734,BTCUSD
2026-02-14 09:00:00+00:00,3307.6253094716712,-1937.9468016282071,trade,187.22407412103536,BTCUSD
2026-02-15 07:20:00+00:00,3241.4728032822413,-2004.099307817637,trade,-66.15250618942999,BTCUSD
2026-02-15 12:50:00+00:00,3435.961171479176,-1809.6109396207025,trade,194.48836819693452,BTCUSD
2026-02-16 09:05:00+00:00,3367.2419480495905,-1878.3301630502879,trade,-68.7192234295854,BTCUSD
2026-02-16 10:20:00+00:00,3299.897109088599,-1945.6750020112795,trade,-67.34483896099181,BTCUSD
2026-02-16 15:00:00+00:00,3233.8991669068264,-2011.672944193052,trade,-65.99794218177254,GOLD
2026-02-16 15:20:00+00:00,3285.641553577336,-1959.9305575225426,trade,51.74238667050922,GOLD
2026-02-16 16:25:00+00:00,3338.2118184345745,-1907.3602926653039,trade,52.57026485723885,GOLD
2026-02-17 10:15:00+00:00,3538.5045275406464,-1707.067583559232,trade,200.292709106072,BTCUSD
2026-02-17 10:20:00+00:00,3467.734436989831,-1777.8376741100474,trade,-70.77009055081565,BTCUSD
2026-02-17 13:20:00+00:00,3523.2181879816662,-1722.3539231182122,trade,55.48375099183537,GOLD
2026-02-17 14:00:00+00:00,3452.7538242220317,-1792.8182868778467,trade,-70.46436375963474,GOLD
2026-02-17 14:05:00+00:00,3507.9978854095857,-1737.5742256902927,trade,55.244061187553974,GOLD
2026-02-18 08:15:00+00:00,3718.477758534159,-1527.0943525657194,trade,210.47987312457332,BTCUSD
2026-02-18 08:30:00+00:00,3644.108203363472,-1601.4639077364063,trade,-74.36955517068697,BTCUSD
2026-02-18 13:05:00+00:00,3571.2260392962035,-1674.346071803675,trade,-72.8821640672687,GOLD
2026-02-18 13:35:00+00:00,3499.8015185102813,-1745.770592589597,trade,-71.42452078592214,GOLD
2026-02-18 13:40:00+00:00,3555.7983428064476,-1689.7737682934307,trade,55.9968242961662,GOLD
2026-02-19 09:20:00+00:00,3484.682375950317,-1760.8897351495616,trade,-71.11596685613068,BTCUSD
2026-02-19 10:10:00+00:00,3414.9887284313127,-1830.5833826685657,trade,-69.6936475190041,BTCUSD
2026-02-19 15:50:00+00:00,3469.6285480862134,-1775.943563013665,trade,54.63981965490055,GOLD
2026-02-19 19:05:00+00:00,3525.142604855595,-1720.4295062442834,trade,55.51405676938151,GOLD
2026-02-20 10:45:00+00:00,3454.6397527584872,-1790.9323583413911,trade,-70.50285209710792,BTCUSD
2026-02-20 12:10:00+00:00,3385.546957703318,-1860.0251533965602,trade,-69.09279505516918,BTCUSD
2026-02-20 14:30:00+00:00,3317.8360185492506,-1927.7360925506277,trade,-67.71093915406739,GOLD
2026-02-20 15:00:00+00:00,3370.92139484604,-1874.6507162538383,trade,53.08537629678962,GOLD
2026-02-20 20:20:00+00:00,3303.502966949121,-1942.0691441507574,trade,-67.41842789691907,GOLD
2026-02-21 08:50:00+00:00,3501.7131449660665,-1743.858966133812,trade,198.21017801694535,BTCUSD
2026-02-21 08:55:00+00:00,3431.678882066731,-1813.8932290331472,trade,-70.03426289933536,BTCUSD
2026-02-22 08:35:00+00:00,3363.0453044253873,-1882.5268066744911,trade,-68.63357764134388,BTCUSD
2026-02-22 11:05:00+00:00,3564.828022690921,-1680.7440884089574,trade,201.78271826553373,BTCUSD
2026-02-23 10:10:00+00:00,3493.5314622371043,-1752.040648862774,trade,-71.29656045381664,BTCUSD
2026-02-23 12:05:00+00:00,3423.660832992365,-1821.9112781075132,trade,-69.87062924473898,BTCUSD
2026-02-23 14:35:00+00:00,3355.1876163325146,-1890.3844947673638,trade,-68.47321665985066,GOLD
2026-02-23 14:45:00+00:00,3288.083864005865,-1957.4882470940133,trade,-67.10375232664936,GOLD
2026-02-23 15:00:00+00:00,3340.693205829958,-1904.8789052699203,trade,52.6093418240928,GOLD
2026-02-24 12:50:00+00:00,3273.879341713357,-1971.6927693865214,trade,-66.81386411660085,BTCUSD
2026-02-24 13:10:00+00:00,3208.4017548790885,-2037.17035622079,trade,-65.47758683426864,BTCUSD
2026-02-24 14:10:00+00:00,3144.2337197815086,-2101.3383913183698,trade,-64.16803509757999,GOLD
2026-02-24 14:30:00+00:00,3194.541459298012,-2051.0306518018665,trade,50.30773951650322,GOLD
2026-02-24 18:15:00+00:00,3245.654122646783,-1999.9179884530954,trade,51.112663348770916,GOLD
2026-02-25 08:50:00+00:00,3440.393370005589,-1805.1787410942893,trade,194.7392473588063,BTCUSD
2026-02-25 09:05:00+00:00,3371.5855026054787,-1873.9866084943997,trade,-68.80786740011037,BTCUSD
2026-02-25 14:40:00+00:00,3425.5308706471687,-1820.0412404527096,trade,53.94536804169012,GOLD
2026-02-25 19:05:00+00:00,3480.3393645775245,-1765.2327465223539,trade,54.808493930355965,GOLD
2026-02-26 09:15:00+00:00,3410.732577285973,-1834.8395338139053,trade,-69.6067872915515,BTCUSD
2026-02-26 10:30:00+00:00,3342.517925740257,-1903.0541853596214,trade,-68.21465154571594,BTCUSD
2026-02-26 15:35:00+00:00,3395.998212552101,-1849.5738985477774,trade,53.48028681184411,GOLD
2026-02-26 19:55:00+00:00,3450.334183952934,-1795.2379271469445,trade,54.33597140083288,GOLD
2026-02-27 07:30:00+00:00,3381.32750027387,-1864.2446108260083,trade,-69.00668367906366,BTCUSD
2026-02-27 08:15:00+00:00,3313.700950268395,-1931.8711608314834,trade,-67.62655000547502,BTCUSD
2026-02-27 13:05:00+00:00,3247.4269312630277,-1998.1451798368507,trade,-66.27401900536712,GOLD
2026-02-27 13:15:00+00:00,3182.4783926377654,-2063.093718462113,trade,-64.94853862526224,GOLD
2026-02-27 13:20:00+00:00,3118.828824785011,-2126.7432863148674,trade,-63.64956785275453,GOLD
2026-02-28 10:30:00+00:00,3056.452248289311,-2189.1198628105676,trade,-62.37657649570006,BTCUSD
2026-02-28 16:50:00+00:00,2995.323203323524,-2250.2489077763544,trade,-61.129044965786875,BTCUSD
2026-03-01 08:20:00+00:00,1995.323203323524,-3250.2489077763544,withdrawal,-1000.0,
2026-03-01 08:20:00+00:00,1955.4167392570519,-3290.1553718428268,trade,-39.906464066472196,BTCUSD
2026-03-01 09:00:00+00:00,1916.30840447191,-3329.2637066279685,trade,-39.10833478514186,BTCUSD
2026-03-02 08:50:00+00:00,1877.9822363824726,-3367.589874717406,trade,-38.32616808943746,BTCUSD
2026-03-02 09:55:00+00:00,1840.4225916548223,-3405.1495194450563,trade,-37.559644727650316,BTCUSD
2026-03-02 13:10:00+00:00,1869.8693531213,-3375.702757978578,trade,29.446761466477682,GOLD
2026-03-02 14:30:00+00:00,1832.4719660588746,-3413.100145041004,trade,-37.397387062425494,GOLD
2026-03-02 14:35:00+00:00,1861.7915175158168,-3383.7805935840615,trade,29.319551456942147,GOLD
2026-03-03 08:40:00+00:00,1973.499008566766,-3272.0731025331124,trade,111.70749105094902,BTCUSD
2026-03-03 09:05:00+00:00,2091.908949080773,-3153.6631620191056,trade,118.40994051400705,BTCUSD
2026-03-03 14:50:00+00:00,2050.070770099157,-3195.5013410007214,trade,-41.838178981615975,GOLD
2026-03-03 15:15:00+00:00,2009.069354697174,-3236.502756402704,trade,-41.001415401982904,GOLD
2026-03-03 15:35:00+00:00,2041.2144643723288,-3204.3576467275498,trade,32.1451096751549,GOLD
2026-03-04 07:45:00+00:00,2163.6873322346705,-3081.884778865208,trade,122.47286786234167,BTCUSD
2026-03-04 08:20:00+00:00,2120.413585589976,-3125.1585255099026,trade,-43.27374664469493,BTCUSD
2026-03-04 18:40:00+00:00,2078.0053138781764,-3167.566797221702,trade,-42.408271711799514,GOLD
2026-03-05 07:55:00+00:00,2036.445207600611,-3209.1269034992674,trade,-41.56010627756539,BTCUSD
2026-03-05 10:30:00+00:00,2158.631920056648,-3086.9401910432302,trade,122.18671245603716,BTCUSD
2026-03-05 13:20:00+00:00,2115.4592816555137,-3130.1128294443647,trade,-43.17263840113433,GOLD
2026-03-05 13:25:00+00:00,2149.306630162002,-3096.2654809378764,trade,33.847348506488096,GOLD
2026-03-05 14:35:00+00:00,2106.3204975587623,-3139.251613541116,trade,-42.98613260323954,GOLD
2026-03-06 09:40:00+00:00,2064.1940876075887,-3181.3780234922897,trade,-42.12640995117384,BTCUSD
2026-03-06 12:05:00+00:00,2188.0457328640414,-3057.526378235837,trade,123.85164525645287,BTCUSD
2026-03-06 16:35:00+00:00,2223.0544645898663,-3022.517646510012,trade,35.0087317258249,GOLD
2026-03-06 19:05:00+00:00,2178.593375298068,-3066.97873580181,trade,-44.46108929179808,GOLD
2026-03-06 19:35:00+00:00,2213.4508693028392,-3032.121241797039,trade,34.85749400477087,GOLD
2026-03-07 08:15:00+00:00,2169.1818519167823,-3076.390259183096,trade,-44.26901738605679,BTCUSD
2026-03-07 14:10:00+00:00,2299.332763031794,-2946.2393480680844,trade,130.15091111501155,BTCUSD
2026-03-08 09:10:00+00:00,2437.2927288137053,-2808.279382286173,trade,137.95996578191148,BTCUSD
2026-03-08 10:20:00+00:00,2583.530292542528,-2662.0418185573503,trade,146.23756372882283,BTCUSD
2026-03-09 07:20:00+00:00,2531.8596866916773,-2713.712424408201,trade,-51.67060585085056,BTCUSD
2026-03-09 09:30:00+00:00,2683.771267893176,-2561.800843206702,trade,151.91158120149876,BTCUSD
2026-03-09 18:50:00+00:00,2630.095842535312,-2615.4762685645665,trade,-53.67542535786438,GOLD
2026-03-09 19:15:00+00:00,2577.493925684608,-2668.0781854152706,trade,-52.60191685070419,GOLD
2026-03-09 19:35:00+00:00,2618.7338284955617,-2626.8382826043166,trade,41.23990281095386,GOLD
2026-03-10 08:50:00+00:00,2566.3591519256506,-2679.2129591742278,trade,-52.37467656991095,BTCUSD
2026-03-10 09:45:00+00:00,2515.031968887137,-2730.5401422127416,trade,-51.32718303851398,BTCUSD
2026-03-10 13:15:00+00:00,2464.7313295093936,-2780.8407815904848,trade,-50.300639377743224,GOLD
2026-03-10 13:25:00+00:00,2415.4367029192063,-2830.135408180672,trade,-49.294626590187576,GOLD
2026-03-10 13:30:00+00:00,2454.083690165914,-2791.4884209339643,trade,38.64698724670764,GOLD
2026-03-11 08:30:00+00:00,2405.0020163625977,-2840.5700947372807,trade,-49.081673803316214,BTCUSD
2026-03-11 12:05:00+00:00,2549.3021373443544,-2696.269973755524,trade,144.30012098175686,BTCUSD
2026-03-11 16:35:00+00:00,2590.090971541862,-2655.4811395580164,trade,40.788834197507754,GOLD
2026-03-12 08:25:00+00:00,2538.289152111027,-2707.2829589888515,trade,-51.80181943083498,BTCUSD
2026-03-12 09:45:00+00:00,2487.5233690688074,-2758.048742031071,trade,-50.765783042219304,BTCUSD
2026-03-12 14:00:00+00:00,2527.323742973907,-2718.2483681259714,trade,39.800373905099775,GOLD
2026-03-12 15:00:00+00:00,2476.7772681144293,-2768.794842985449,trade,-50.546474859477506,GOLD
2026-03-12 16:20:00+00:00,2516.4057044042615,-2729.166406695617,trade,39.62843628983218,GOLD
2026-03-13 08:35:00+00:00,2667.3900466685163,-2578.182064431362,trade,150.98434226425482,BTCUSD
2026-03-13 08:45:00+00:00,2614.042245735147,-2631.5298653647314,trade,-53.34780093336955,BTCUSD
2026-03-13 13:10:00+00:00,2655.866921666911,-2589.7051894329675,trade,41.824675931764126,GOLD
2026-03-13 14:50:00+00:00,2602.7495832335726,-2642.822527866306,trade,-53.117338433338496,GOLD
2026-03-13 14:55:00+00:00,2550.694591568901,-2694.877519530977,trade,-52.054991664671455,GOLD
2026-03-14 11:00:00+00:00,2561.648719733724,-2683.923391366154,trade,10.954128164822968,BTCUSD
2026-03-14 15:00:00+00:00,2510.4157453390526,-2735.156365760826,trade,-51.23297439467143,BTCUSD
2026-03-15 09:20:00+00:00,2661.040690059398,-2584.5314210404804,trade,150.62494472034552,BTCUSD
2026-03-15 09:25:00+00:00,2607.81987625821,-2637.7522348416683,trade,-53.22081380118795,BTCUSD
2026-03-16 12:30:00+00:00,2764.2890688337047,-2481.2830422661737,trade,156.46919257549447,BTCUSD
2026-03-16 12:40:00+00:00,2709.00328745703,-2536.568823642848,trade,-55.28578137667449,BTCUSD
2026-03-16 13:30:00+00:00,2752.3473400563444,-2493.224771043534,trade,43.344052599314224,GOLD
2026-03-16 16:40:00+00:00,2796.3848974972448,-2449.1872136026336,trade,44.03755744090038,GOLD
2026-03-16 19:05:00+00:00,2841.1270558571987,-2404.4450552426797,trade,44.7421583599539,GOLD
2026-03-17 10:05:00+00:00,3011.5946792086315,-2233.977431891247,trade,170.46762335143288,BTCUSD
2026-03-17 10:25:00+00:00,2951.3627856244607,-2294.2093254754177,trade,-60.23189358417088,BTCUSD
2026-03-18 07:50:00+00:00,2892.335529911974,-2353.2365811879044,trade,-59.027255712486905,BTCUSD
2026-03-18 10:05:00+00:00,2834.488819313732,-2411.083291786146,trade,-57.84671059824195,BTCUSD
2026-03-18 13:15:00+00:00,2777.7990429274587,-2467.7730681724197,trade,-56.68977638627352,GOLD
2026-03-18 13:35:00+00:00,2822.2438276142984,-2423.32828348558,trade,44.44478468683959,GOLD
2026-03-18 18:55:00+00:00,2765.7989510620127,-2479.7731600378656,trade,-56.444876552285706,GOLD
2026-03-19 07:10:00+00:00,2931.74688812573,-2313.8252229741483,trade,165.94793706371732,BTCUSD
2026-03-19 07:20:00+00:00,3107.6517014132723,-2137.920409686606,trade,175.90481328754217,BTCUSD
2026-03-19 13:25:00+00:00,3157.3741286358845,-2088.197982463994,trade,49.72242722261232,GOLD
2026-03-19 17:15:00+00:00,3207.8921146940575,-2037.679996405821,trade,50.51798605817288,GOLD
2026-03-20 07:05:00+00:00,3143.7342724001765,-2101.837838699702,trade,-64.15784229388115,BTCUSD
2026-03-20 08:05:00+00:00,3332.3583287441866,-1913.2137823556918,trade,188.62405634401009,BTCUSD
2026-03-20 13:35:00+00:00,3385.676062004094,-1859.8960490957843,trade,53.31773325990731,GOLD
2026-03-20 14:10:00+00:00,3317.9625407640124,-1927.609570335866,trade,-67.71352124008189,GOLD
2026-03-20 14:20:00+00:00,3251.6032899487323,-1993.9688211511461,trade,-66.35925081528009,GOLD
2026-03-21 07:30:00+00:00,3186.5712241497513,-2059.000886950127,trade,-65.03206579898104,BTCUSD
2026-03-21 12:05:00+00:00,3122.8397996667486,-2122.73231143313,trade,-63.7314244830029,BTCUSD
2026-03-22 07:50:00+00:00,3060.383003673416,-2185.189107426462,trade,-62.45679599333266,BTCUSD
2026-03-22 08:25:00+00:00,3244.005983893822,-2001.5661272060565,trade,183.62298022040582,BTCUSD
2026-03-23 07:05:00+00:00,3179.125864215947,-2066.4462468839315,trade,-64.880119677875,BTCUSD
2026-03-23 11:10:00+00:00,3115.5433469316295,-2130.028764168249,trade,-63.58251728431742,BTCUSD
2026-03-23 13:25:00+00:00,3165.3920404825353,-2080.180070617343,trade,49.848693550905885,GOLD
2026-03-23 14:50:00+00:00,3216.0383131302556,-2029.5337979696228,trade,50.64627264772042,GOLD
2026-03-24 07:05:00+00:00,3409.0006119180694,-1836.571499181809,trade,192.96229878781364,BTCUSD
2026-03-24 07:55:00+00:00,3613.5406486331503,-1632.031462466728,trade,204.54003671508102,BTCUSD
2026-03-25 08:35:00+00:00,3541.2698356604847,-1704.3022754393937,trade,-72.27081297266575,BTCUSD
2026-03-25 11:25:00+00:00,3753.7460258001115,-1491.8260852997669,trade,212.47619013962696,BTCUSD
2026-03-25 19:10:00+00:00,3678.6711052841083,-1566.90100581577,trade,-75.07492051600322,GOLD
2026-03-25 19:40:00+00:00,3737.529842968652,-1508.0422681312266,trade,58.85873768454369,GOLD
2026-03-25 19:55:00+00:00,3797.330320456151,-1448.2417906437272,trade,59.8004774874996,GOLD
2026-03-26 09:55:00+00:00,3721.3837140470246,-1524.1883970528538,trade,-75.94660640912656,BTCUSD
2026-03-26 11:40:00+00:00,3646.956039766084,-1598.6160713337945,trade,-74.4276742809405,BTCUSD
2026-03-26 16:30:00+00:00,3574.0169189707613,-1671.5551921291171,trade,-72.93912079532248,GOLD
2026-03-26 16:35:00+00:00,3502.5365805913466,-1743.0355305085318,trade,-71.48033837941463,GOLD
2026-03-26 17:00:00+00:00,3558.5771658808076,-1686.9949452190708,trade,56.04058528946096,GOLD
2026-03-27 08:30:00+00:00,3772.0917958336604,-1473.480315266218,trade,213.51462995285274,BTCUSD
2026-03-27 08:35:00+00:00,3998.4173035836757,-1247.1548075162027,trade,226.32550775001536,BTCUSD
2026-03-27 14:50:00+00:00,3918.4489575120015,-1327.123153587877,trade,-79.96834607167418,GOLD
2026-03-27 14:55:00+00:00,3840.079978361762,-1405.4921327381162,trade,-78.3689791502391,GOLD
2026-03-27 15:10:00+00:00,3763.2783787945273,-1482.293732305351,trade,-76.8015995672347,GOLD
2026-03-28 10:20:00+00:00,3989.0750815222054,-1256.497029577673,trade,225.79670272767837,BTCUSD
2026-03-28 10:30:00+00:00,3909.293579891768,-1336.2785312081105,trade,-79.78150163043743,BTCUSD
2026-03-29 09:40:00+00:00,3831.107708293929,-1414.4644028059492,trade,-78.18587159783851,BTCUSD
2026-03-29 11:00:00+00:00,3754.4855541280576,-1491.0865569718208,trade,-76.62215416587162,BTCUSD
2026-03-30 08:35:00+00:00,3979.7546873757365,-1265.817423724142,trade,225.26913324767875,BTCUSD
2026-03-30 11:30:00+00:00,3900.1595936282174,-1345.412517471661,trade,-79.5950937475192,BTCUSD
2026-03-30 18:55:00+00:00,3822.1564017556516,-1423.4157093442268,trade,-78.00319187256588,GOLD
2026-03-30 19:30:00+00:00,3883.3109041837433,-1362.261206916135,trade,61.15450242809166,GOLD
2026-03-31 07:45:00+00:00,3805.6446861000677,-1439.9274249998107,trade,-77.66621808367579,BTCUSD
2026-03-31 08:45:00+00:00,4033.983367266071,-1211.5887438338073,trade,228.33868116600337,BTCUSD
2026-03-31 14:00:00+00:00,3953.3036999207475,-1292.268411179131,trade,-80.67966734532348,GOLD
2026-03-31 14:55:00+00:00,4016.556559119481,-1229.0155519803975,trade,63.25285919873319,GOLD
2026-03-31 17:45:00+00:00,3936.225427937093,-1309.3466831627852,trade,-80.33113118238762,GOLD
2026-04-01 12:00:00+00:00,2936.225427937093,-3413.100145041004,withdrawal,-1000.0,
2026-04-01 12:00:00+00:00,2877.500919378352,-2368.0711917215262,trade,-58.724508558741185,BTCUSD
2026-04-01 14:15:00+00:00,2819.9509009907842,-2425.621210109094,trade,-57.55001838756788,BTCUSD
2026-04-01 15:40:00+00:00,2763.5518829709677,-2482.0202281289107,trade,-56.39901801981681,GOLD
2026-04-01 17:55:00+00:00,2807.768713098502,-2437.8033980013765,trade,44.216830127534216,GOLD
2026-04-02 10:10:00+00:00,2976.234835884414,-2269.337275215464,trade,168.4661227859124,BTCUSD
2026-04-02 10:20:00+00:00,2916.7101391667293,-2328.861971933149,trade,-59.52469671768475,BTCUSD
2026-04-02 15:50:00+00:00,2963.377501393397,-2282.1946097064815,trade,46.66736222666773,GOLD
2026-04-02 19:05:00+00:00,2904.1099513655295,-2341.462159734349,trade,-59.26755002786752,GOLD
2026-04-02 19:15:00+00:00,2950.5757105873754,-2294.996400512503,trade,46.46575922184606,GOLD
2026-04-03 07:10:00+00:00,2891.564196375623,-2354.0079147242554,trade,-59.01151421175231,BTCUSD
2026-04-03 07:35:00+00:00,3065.058048158165,-2180.5140629417133,trade,173.49385178254198,BTCUSD
2026-04-04 07:20:00+00:00,3003.756887194992,-2241.8152239048864,trade,-61.30116096317327,BTCUSD
2026-04-04 10:45:00+00:00,3183.982300426703,-2061.589810673175,trade,180.22541323171114,BTCUSD
2026-04-05 10:40:00+00:00,3120.3026544181594,-2125.269456681719,trade,-63.679646008543976,BTCUSD
2026-04-05 12:30:00+00:00,3307.5208136832384,-1938.05129741664,trade,187.21815926507918,BTCUSD
2026-04-06 09:10:00+00:00,3505.9720625042296,-1739.6000485956488,trade,198.45124882099114,BTCUSD
2026-04-06 09:15:00+00:00,3716.330386254485,-1529.2417248453935,trade,210.35832375025532,BTCUSD
2026-04-06 18:10:00+00:00,3775.7916724345528,-1469.7804386653256,trade,59.461286180067844,GOLD
2026-04-07 09:10:00+00:00,4002.339172780628,-1243.2329383192505,trade,226.547500346075,BTCUSD
2026-04-07 10:45:00+00:00,4242.47952314747,-1003.0925879524084,trade,240.14035036684226,BTCUSD
2026-04-07 14:20:00+00:00,4310.359195517832,-935.2129155820467,trade,67.87967237036135,GOLD
2026-04-07 18:45:00+00:00,4379.324942646117,-866.2471684537613,trade,68.96574712828487,GOLD
2026-04-08 12:20:00+00:00,4291.738443793189,-953.8336673066897,trade,-87.58649885292836,BTCUSD
2026-04-08 13:05:00+00:00,4549.242750420777,-696.3293606791012,trade,257.50430662758816,BTCUSD
2026-04-08 14:40:00+00:00,4622.03063442751,-623.5414766723679,trade,72.78788400673328,GOLD
2026-04-08 15:15:00+00:00,4695.98312457835,-549.5889865215286,trade,73.95249015083903,GOLD
2026-04-08 18:00:00+00:00,4602.0634620867795,-643.5086490130989,trade,-93.91966249157021,GOLD
2026-04-09 07:15:00+00:00,4510.0221928450455,-735.5499182548328,trade,-92.04126924173413,BTCUSD
2026-04-09 08:45:00+00:00,4780.623524415749,-464.9485866841296,trade,270.60133157070277,BTCUSD
2026-04-09 13:35:00+00:00,4685.01105392743,-560.5610571724483,trade,-95.61247048831869,GOLD
2026-04-09 13:50:00+00:00,4759.971230790269,-485.60088030960924,trade,74.96017686283932,GOLD
2026-04-09 14:15:00+00:00,4836.130770482916,-409.4413406169624,trade,76.15953969264712,GOLD
2026-04-10 07:50:00+00:00,5126.298616711887,-119.27349438799138,trade,290.1678462289709,BTCUSD
2026-04-10 08:05:00+00:00,5023.772644377644,-221.79946672223468,trade,-102.52597233424359,BTCUSD
2026-04-11 09:15:00+00:00,4923.297191490082,-322.2749196097966,trade,-100.47545288756169,BTCUSD
2026-04-11 12:10:00+00:00,4824.8312476602805,-420.7408634395979,trade,-98.46594382980163,BTCUSD
2026-04-12 09:20:00+00:00,4728.334622707071,-517.2374883928078,trade,-96.49662495321007,BTCUSD
2026-04-12 10:05:00+00:00,4633.76793025293,-611.8041808469488,trade,-94.56669245414142,BTCUSD
2026-04-13 08:25:00+00:00,4541.092571647865,-704.4795394520133,trade,-92.67535860506486,BTCUSD
2026-04-13 08:55:00+00:00,4450.270720214903,-795.3013908849753,trade,-90.82185143296229,BTCUSD
2026-04-13 13:50:00+00:00,4521.475051738341,-724.0970593615375,trade,71.20433152343736,GOLD
2026-04-13 17:05:00+00:00,4593.818652566158,-651.7534585337207,trade,72.34360082781633,GOLD
2026-04-13 17:50:00+00:00,4667.319751007214,-578.2523600926643,trade,73.50109844105647,GOLD
2026-04-14 07:05:00+00:00,4947.358936067644,-298.2131750322342,trade,280.0391850604301,BTCUSD
2026-04-14 07:10:00+00:00,4848.411757346286,-397.16035375359206,trade,-98.94717872135745,BTCUSD
2026-04-14 14:30:00+00:00,4751.443522199361,-494.12858890051757,trade,-96.96823514692521,GOLD
2026-04-14 17:05:00+00:00,4656.414651755371,-589.1574593445075,trade,-95.02887044399019,GOLD
2026-04-14 17:35:00+00:00,4563.2863587202655,-682.2857523796129,trade,-93.12829303510556,GOLD
2026-04-15 07:10:00+00:00,4472.020631545852,-773.5514795540266,trade,-91.26572717441405,BTCUSD
2026-04-15 07:50:00+00:00,4382.580218914928,-862.9918921849503,trade,-89.44041263092357,BTCUSD
2026-04-15 14:00:00+00:00,4452.70150241757,-792.8706086823086,trade,70.12128350264193,GOLD
2026-04-15 15:35:00+00:00,4523.9447264562505,-721.6273846436279,trade,71.24322403868045,GOLD
2026-04-16 08:00:00+00:00,4433.465831927124,-812.1062791727545,trade,-90.47889452912632,BTCUSD
2026-04-16 08:20:00+00:00,4344.79651528858,-900.7755958112984,trade,-88.66931663854369,BTCUSD
2026-04-16 14:10:00+00:00,4414.313259533196,-831.2588515666821,trade,69.51674424461667,GOLD
2026-04-16 17:00:00+00:00,4484.942271685723,-760.629839414155,trade,70.62901215252715,GOLD
2026-04-16 17:35:00+00:00,4395.24342625201,-850.3286848478683,trade,-89.69884543371309,GOLD
2026-04-17 08:30:00+00:00,4658.958031827135,-586.6140792727438,trade,263.7146055751248,BTCUSD
2026-04-17 08:35:00+00:00,4565.778871190599,-679.7932399092797,trade,-93.17916063653603,BTCUSD
2026-04-17 13:05:00+00:00,4474.4632937667875,-771.1088173330909,trade,-91.31557742381146,GOLD
2026-04-17 13:10:00+00:00,4384.974027891452,-860.598083208426,trade,-89.48926587533553,GOLD
2026-04-17 13:15:00+00:00,4455.133612337717,-790.4384987621615,trade,70.15958444626482,GOLD
2026-04-18 08:30:00+00:00,4722.44162907797,-523.1304820219084,trade,267.3080167402532,BTCUSD
2026-04-18 08:50:00+00:00,4627.992796496412,-617.5793146034666,trade,-94.44883258155832,BTCUSD
2026-04-19 07:20:00+00:00,4905.6723642862,-339.8997468136786,trade,277.67956778978777,BTCUSD
2026-04-19 07:30:00+00:00,4807.558917000484,-438.01319409939424,trade,-98.1134472857158,BTCUSD
2026-04-20 07:20:00+00:00,5096.012452020519,-149.55965907935934,trade,288.45353502003474,BTCUSD
2026-04-20 07:25:00+00:00,4994.092202980112,-251.47990811976615,trade,-101.92024904040716,BTCUSD
2026-04-20 14:00:00+00:00,5073.997678227794,-171.5744328720848,trade,79.90547524768104,GOLD
2026-04-20 19:30:00+00:00,5155.181641079434,-90.39047002044481,trade,81.1839628516396,GOLD
2026-04-21 07:30:00+00:00,5052.078008257839,-193.49410284203896,trade,-103.1036328215945,BTCUSD
2026-04-21 08:45:00+00:00,5355.202688753315,0.0,trade,303.1246804954757,BTCUSD
2026-04-21 13:30:00+00:00,5440.885931773368,0.0,trade,85.68324302005254,GOLD
2026-04-21 14:45:00+00:00,5332.068213137897,-108.81771863547056,trade,-108.8177186354708,GOLD
2026-04-21 14:50:00+00:00,5417.3813045481,-23.50462722526754,trade,85.3130914102034,GOLD
2026-04-22 11:05:00+00:00,5309.033678457148,-131.8522533162195,trade,-108.34762609095154,BTCUSD
2026-04-22 11:35:00+00:00,5202.853004888012,-238.03292688535566,trade,-106.1806735691364,BTCUSD
2026-04-22 17:00:00+00:00,5286.098652966218,-154.78727880714996,trade,83.24564807820586,GOLD
2026-04-23 09:05:00+00:00,5603.264572144198,0.0,trade,317.1659191779798,BTCUSD
2026-04-23 09:15:00+00:00,5491.199280701312,-112.06529144288561,trade,-112.06529144288596,BTCUSD
2026-04-23 13:10:00+00:00,5579.058469192533,-24.206102951664434,trade,87.85918849122099,GOLD
2026-04-23 15:30:00+00:00,5668.323404699619,0.0,trade,89.26493550708533,GOLD
2026-04-23 17:50:00+00:00,5759.01657917481,0.0,trade,90.69317447519221,GOLD
2026-04-24 09:15:00+00:00,5643.836247591311,-115.18033158349954,trade,-115.18033158349934,BTCUSD
2026-04-24 11:05:00+00:00,5982.466422446788,0.0,trade,338.6301748554772,BTCUSD
2026-04-24 15:35:00+00:00,6078.185885205939,0.0,trade,95.71946275915074,GOLD
2026-04-25 07:15:00+00:00,5956.622167501823,-121.56371770411533,trade,-121.56371770411525,BTCUSD
2026-04-25 10:25:00+00:00,6314.01949755191,0.0,trade,357.39733005008617,BTCUSD
2026-04-26 08:35:00+00:00,6692.860667405011,0.0,trade,378.8411698531008,BTCUSD
2026-04-26 08:40:00+00:00,6559.003454056914,-133.8572133480966,trade,-133.85721334809674,BTCUSD
2026-04-27 12:40:00+00:00,6427.823384975781,-265.0372824292299,trade,-131.1800690811337,BTCUSD
2026-04-27 14:50:00+00:00,6299.2669172762635,-393.59375012874716,trade,-128.5564676995174,BTCUSD
2026-04-27 15:15:00+00:00,6400.0551879526865,-292.8054794523241,trade,100.78827067642347,GOLD
2026-04-27 19:45:00+00:00,6502.456070959934,-190.404596445077,trade,102.40088300724699,GOLD
2026-04-28 07:20:00+00:00,6372.406949540726,-320.45371786428495,trade,-130.04912141920838,BTCUSD
2026-04-28 10:00:00+00:00,6244.958810549905,-447.9018568551055,trade,-127.44813899082038,BTCUSD
2026-04-28 15:00:00+00:00,6344.878151518701,-347.98251588630956,trade,99.91934096879626,GOLD
2026-04-29 09:45:00+00:00,6725.570840609838,0.0,trade,380.6926890911371,BTCUSD
2026-04-29 10:25:00+00:00,7129.105091046428,0.0,trade,403.5342504365903,BTCUSD
2026-04-29 13:20:00+00:00,6986.522989225497,-142.5821018209308,trade,-142.58210182093106,GOLD
2026-04-29 13:35:00+00:00,6846.792529440983,-282.3125616054449,trade,-139.73045978451444,GOLD
2026-04-29 13:40:00+00:00,6709.85667885216,-419.248412194268,trade,-136.93585058882329,GOLD
2026-04-30 09:30:00+00:00,7112.448079583299,-16.657011463129493,trade,402.5914007311387,BTCUSD
2026-04-30 09:40:00+00:00,6970.199117991643,-158.90597305478514,trade,-142.248961591656,BTCUSD
2026-05-01 08:20:00+00:00,5970.199117991643,-3413.100145041004,withdrawal,-1000.0,
2026-05-01 08:20:00+00:00,6328.411065071142,-800.6940259752864,trade,358.2119470794986,BTCUSD
2026-05-01 08:35:00+00:00,6201.842843769728,-927.2622472767007,trade,-126.5682213014144,BTCUSD
2026-05-01 13:55:00+00:00,6077.805986894336,-1051.2991041520927,trade,-124.03685687539237,GOLD
2026-05-01 14:00:00+00:00,5956.249867156454,-1172.8552238899747,trade,-121.55611973788211,GOLD
2026-05-01 14:10:00+00:00,5837.124869813322,-1291.980221233106,trade,-119.12499734313107,GOLD
2026-05-02 14:25:00+00:00,6187.35236200213,-941.7527290442986,trade,350.2274921888078,BTCUSD
2026-05-02 16:15:00+00:00,6558.593503722262,-570.5115873241666,trade,371.241141720132,BTCUSD
2026-05-03 09:25:00+00:00,6952.109113945612,-176.99597710081616,trade,393.5156102233507,BTCUSD
2026-05-03 09:30:00+00:00,6813.066931666725,-316.03815937970285,trade,-139.042182278887,BTCUSD
2026-05-04 09:55:00+00:00,6676.805593033388,-452.29949801304065,trade,-136.2613386333382,BTCUSD
2026-05-04 10:05:00+00:00,7077.413928615385,-51.69116243104327,trade,400.60833558199744,BTCUSD
2026-05-04 15:25:00+00:00,7190.652551473234,0.0,trade,113.23862285784907,GOLD
2026-05-04 15:50:00+00:00,7046.839500443769,-143.813051029465,trade,-143.81305102946467,GOLD
2026-05-04 16:05:00+00:00,6905.902710434894,-284.7498410383396,trade,-140.93679000887494,GOLD
2026-05-05 11:35:00+00:00,7320.256873060997,0.0,trade,414.35416262610323,BTCUSD
2026-05-05 11:50:00+00:00,7173.851735599785,-146.4051374612127,trade,-146.40513746121258,BTCUSD
2026-05-05 14:10:00+00:00,7288.633363369385,-31.623509691612526,trade,114.78162776959971,GOLD
2026-05-05 20:25:00+00:00,7405.251497183295,0.0,trade,116.61813381391016,GOLD
2026-05-06 07:10:00+00:00,7257.146467239631,-148.1050299436638,trade,-148.10502994366382,BTCUSD
2026-05-06 08:35:00+00:00,7112.0035378948505,-293.2479592884447,trade,-145.1429293447812,BTCUSD
2026-05-06 15:10:00+00:00,7225.79559450117,-179.45590268212527,trade,113.79205660631963,GOLD
2026-05-06 19:20:00+00:00,7081.279682611156,-323.971814572139,trade,-144.515911890014,GOLD
2026-05-06 19:30:00+00:00,7194.58015753294,-210.67133965035555,trade,113.30047492178335,GOLD
2026-05-07 07:30:00+00:00,7050.688554382274,-354.56294280102156,trade,-143.89160315066601,BTCUSD
2026-05-07 09:25:00+00:00,7473.729867645214,0.0,trade,423.0413132629397,BTCUSD
2026-05-07 14:35:00+00:00,7593.30954552754,0.0,trade,119.57967788232574,GOLD
2026-05-07 15:15:00+00:00,7714.802498255976,0.0,trade,121.49295272843649,GOLD
2026-05-07 16:15:00+00:00,7560.506448290857,-154.29604996511898,trade,-154.29604996511904,GOLD
2026-05-08 07:35:00+00:00,7409.29631932504,-305.5061789309366,trade,-151.21012896581715,BTCUSD
2026-05-08 11:00:00+00:00,7853.854098484544,0.0,trade,444.5577791595044,BTCUSD
2026-05-08 14:05:00+00:00,7979.515764060297,0.0,trade,125.66166557575305,GOLD
2026-05-08 18:45:00+00:00,8107.188016285273,0.0,trade,127.67225222497557,GOLD
2026-05-09 07:15:00+00:00,7945.044255959572,-162.1437603257009,trade,-162.14376032570098,BTCUSD
2026-05-09 10:15:00+00:00,7786.143370840359,-321.04464544491384,trade,-158.90088511921272,BTCUSD
2026-05-10 09:35:00+00:00,7630.420503423547,-476.76751286172566,trade,-155.7228674168122,BTCUSD
2026-05-10 11:05:00+00:00,7477.812093355074,-629.3759229301995,trade,-152.60841006847394,BTCUSD
2026-05-11 07:15:00+00:00,7328.255851487974,-778.9321647972993,trade,-149.55624186709946,BTCUSD
2026-05-11 08:10:00+00:00,7181.690734458212,-925.4972818270608,trade,-146.56511702976158,BTCUSD
2026-05-11 13:10:00+00:00,7038.056919769047,-1069.1310965162256,trade,-143.63381468916506,GOLD
2026-05-11 13:20:00+00:00,6897.295781373664,-1209.8922349116092,trade,-140.76113839538394,GOLD
2026-05-11 13:40:00+00:00,6759.349865746189,-1347.8381505390844,trade,-137.94591562747556,GOLD
2026-05-12 07:05:00+00:00,6624.162868431254,-1483.0251478540195,trade,-135.1869973149352,BTCUSD
2026-05-12 11:05:00+00:00,7021.612640537138,-1085.5753757481352,trade,397.449772105884,BTCUSD
2026-05-12 14:00:00+00:00,7133.958442785732,-973.2295734995414,trade,112.34580224859366,GOLD
2026-05-12 15:20:00+00:00,6991.279273930014,-1115.9087423552592,trade,-142.67916885571788,GOLD
2026-05-12 15:25:00+00:00,7103.139742312897,-1004.0482739723757,trade,111.86046838288324,GOLD
2026-05-13 07:35:00+00:00,6961.0769474666395,-1146.1110688186336,trade,-142.06279484625796,BTCUSD
2026-05-13 10:25:00+00:00,6821.855408517297,-1285.3326077679758,trade,-139.22153894934218,BTCUSD
2026-05-13 16:40:00+00:00,6931.00509505357,-1176.1829212317034,trade,109.14968653627237,GOLD
2026-05-13 18:50:00+00:00,7041.90117657442,-1065.2868397108532,trade,110.89608152085063,GOLD
2026-05-14 08:05:00+00:00,6901.06315304294,-1206.124863242333,trade,-140.83802353148022,BTCUSD
2026-05-14 10:00:00+00:00,6763.041889982092,-1344.1461263031815,trade,-138.02126306084878,BTCUSD
2026-05-14 16:50:00+00:00,6871.250560221813,-1235.9374560634596,trade,108.20867023972197,GOLD
2026-05-14 19:30:00+00:00,6733.82554901738,-1373.3624672678934,trade,-137.4250112044336,GOLD
2026-05-14 19:35:00+00:00,6599.149038037041,-1508.0389782482325,trade,-134.6765109803391,GOLD
2026-05-15 07:30:00+00:00,6467.166057276308,-1640.0219590089655,trade,-131.98298076073272,BTCUSD
2026-05-15 09:55:00+00:00,6337.8227361307845,-1769.3652801544886,trade,-129.34332114552296,BTCUSD
2026-05-15 16:35:00+00:00,6439.227899908882,-1667.960116376391,trade,101.40516377809728,GOLD
2026-05-16 07:10:00+00:00,6825.581573903406,-1281.606442381867,trade,386.3536739945236,BTCUSD
2026-05-16 07:20:00+00:00,6689.0699424253335,-1418.1180738599396,trade,-136.51163147807296,BTCUSD
2026-05-17 00:00:00+00:00,5689.0699424253335,-2418.1180738599396,withdrawal,-1000.0,
