date,starting_balance,trading_pnl,withdrawal,ending_balance,drawdown,trade_count,wins,losses,btc_pnl,gold_pnl
2025-11-17,5000.0,-221.641875,0.0,4778.358125,-221.641875,3,0,3,0.0,-221.641875
2025-11-18,4778.358125,-101.562278,0.0,4676.795847,-323.204153,5,2,3,-142.275613,40.713335
2025-11-19,4676.795847,-153.680987,0.0,4523.11486,-476.88514,4,1,3,-139.251596,-14.429391
2025-11-20,4523.11486,25.211452,0.0,4548.326312,-451.673688,5,3,2,-135.477693,160.689145
2025-11-21,4548.326312,174.493662,0.0,4722.819974,-277.180026,5,3,2,133.379669,41.113993
2025-11-22,4722.819974,-140.621965,0.0,4582.198009,-417.801991,2,0,2,-140.621965,0.0
2025-11-23,4582.198009,-136.434946,0.0,4445.763063,-554.236937,2,0,2,-136.434946,0.0
2025-11-24,4445.763063,47.396148,0.0,4493.159211,-506.840789,5,2,3,130.372002,-82.975854
2025-11-25,4493.159211,172.377211,0.0,4665.536422,-334.463578,5,3,2,131.761894,40.615317
2025-11-26,4665.536422,252.764873,0.0,4918.301295,-81.698705,4,3,1,136.816856,115.948018
2025-11-27,4918.301295,144.229185,0.0,5062.530481,-77.094373,2,1,1,144.229185,0.0
2025-11-28,5062.530481,-107.602259,0.0,4954.928222,-184.696632,5,2,3,-150.736845,43.134586
2025-11-29,4954.928222,-147.532988,0.0,4807.395234,-332.22962,2,0,2,-147.532988,0.0
2025-11-30,4807.395234,140.976865,0.0,4948.372099,-191.252755,2,1,1,140.976865,0.0
2025-12-01,4948.372099,415.089595,1000.0,4363.461694,-776.16316,3,3,0,363.348942,51.740652
2025-12-02,4363.461694,167.401448,0.0,4530.863142,-608.761712,5,3,2,127.958514,39.442934
2025-12-03,4530.863142,-214.615256,0.0,4316.247886,-823.376967,5,1,4,-134.90645,-79.708806
2025-12-04,4316.247886,-78.263502,0.0,4237.984385,-901.640469,3,1,2,-128.516281,50.252779
2025-12-05,4237.984385,23.622159,0.0,4261.606544,-878.01831,5,3,2,-126.185985,149.808144
2025-12-06,4261.606544,-126.889335,0.0,4134.717209,-1004.907644,2,0,2,-126.889335,0.0
2025-12-07,4134.717209,121.250582,0.0,4255.967791,-883.657062,2,1,1,121.250582,0.0
2025-12-08,4255.967791,23.722397,0.0,4279.690189,-859.934665,5,3,2,-126.721441,150.443838
2025-12-09,4279.690189,285.999486,0.0,4565.689674,-573.935179,5,4,1,125.501915,160.497571
2025-12-10,4565.689674,247.355474,0.0,4813.045148,-326.579706,4,3,1,133.88885,113.466624
2025-12-11,4813.045148,-227.981487,0.0,4585.063661,-554.561192,5,1,4,-143.308419,-84.673067
2025-12-12,4585.063661,-29.114639,0.0,4555.949023,-583.675831,4,2,2,-136.520271,107.405632
2025-12-13,4555.949023,-135.653382,0.0,4420.29564,-719.329213,2,0,2,-135.653382,0.0
2025-12-14,4420.29564,129.62517,0.0,4549.92081,-589.704044,2,1,1,129.62517,0.0
2025-12-15,4549.92081,-82.500529,0.0,4467.420281,-672.204573,3,1,2,-135.473892,52.973363
2025-12-16,4467.420281,47.627035,0.0,4515.047316,-624.577538,5,2,3,131.0071,-83.380065
2025-12-17,4515.047316,-213.866101,0.0,4301.181215,-838.443639,5,1,4,-134.435534,-79.430567
2025-12-18,4301.181215,-91.420055,0.0,4209.76116,-929.863694,5,2,3,-128.067671,36.647615
2025-12-19,4209.76116,109.671631,0.0,4319.43279,-820.192063,4,2,2,123.451246,-13.779615
2025-12-20,4319.43279,-128.611111,0.0,4190.821679,-948.803175,2,0,2,-128.611111,0.0
2025-12-21,4190.821679,122.895846,0.0,4313.717525,-825.907329,2,1,1,122.895846,0.0
2025-12-22,4313.717525,353.484521,0.0,4667.202046,-472.422807,5,3,2,396.969855,-43.485334
2025-12-23,4667.202046,-221.073276,0.0,4446.12877,-693.496084,5,1,4,-138.965941,-82.107336
2025-12-24,4446.12877,-28.232418,0.0,4417.896352,-721.728502,4,2,2,-132.383484,104.151066
2025-12-25,4417.896352,-131.542864,0.0,4286.353488,-853.271366,2,0,2,-131.542864,0.0
2025-12-26,4286.353488,23.891765,0.0,4310.245253,-829.379601,5,3,2,-127.626175,151.51794
2025-12-27,4310.245253,-128.337552,0.0,4181.9077,-957.717153,2,0,2,-128.337552,0.0
2025-12-28,4181.9077,122.634443,0.0,4304.542144,-835.08271,2,1,1,122.634443,0.0
2025-12-29,4304.542144,187.752533,0.0,4492.294677,-647.330177,5,2,3,396.125491,-208.372958
2025-12-30,4492.294677,324.451828,0.0,4816.746505,-322.878349,5,3,2,413.403418,-88.95159
2025-12-31,4816.746505,-102.378209,0.0,4714.368295,-425.256558,5,2,3,-143.418627,41.040418
2026-01-01,4714.368295,-110.595316,1000.0,3603.772979,-1535.851874,2,0,2,-110.595316,0.0
2026-01-02,3603.772979,38.419717,0.0,3642.192696,-1497.432158,5,2,3,105.680643,-67.260926
2026-01-03,3642.192696,-108.446288,0.0,3533.746408,-1605.878445,2,0,2,-108.446288,0.0
2026-01-04,3533.746408,-105.217299,0.0,3428.529109,-1711.095745,2,0,2,-105.217299,0.0
2026-01-05,3428.529109,-72.872149,0.0,3355.65696,-1783.967894,5,2,3,-102.084454,29.212305
2026-01-06,3355.65696,128.737657,0.0,3484.394616,-1655.230237,5,3,2,98.40464,30.333016
2026-01-07,3484.394616,412.520446,0.0,3896.915062,-1242.709791,4,4,0,320.651415,91.869031
2026-01-08,3896.915062,-128.053858,0.0,3768.861204,-1370.76365,4,1,3,-116.030646,-12.023212
2026-01-09,3768.861204,-68.338122,0.0,3700.523082,-1439.101772,3,1,2,-112.217842,43.87972
2026-01-10,3700.523082,-110.183075,0.0,3590.340007,-1549.284847,2,0,2,-110.183075,0.0
2026-01-11,3590.340007,-106.902374,0.0,3483.437633,-1656.18722,2,0,2,-106.902374,0.0
2026-01-12,3483.437633,-56.791545,0.0,3426.646089,-1712.978765,5,1,4,102.151809,-158.943353
2026-01-13,3426.646089,-55.865655,0.0,3370.780434,-1768.84442,5,1,4,100.486397,-156.352051
2026-01-14,3370.780434,-71.644722,0.0,3299.135711,-1840.489142,5,2,3,-100.364987,28.720265
2026-01-15,3299.135711,126.569255,0.0,3425.704966,-1713.919888,5,3,2,96.747155,29.8221
2026-01-16,3425.704966,131.425004,0.0,3557.12997,-1582.494883,5,3,2,100.458798,30.966206
2026-01-17,3557.12997,-105.913545,0.0,3451.216425,-1688.408428,2,0,2,-105.913545,0.0
2026-01-18,3451.216425,-102.759969,0.0,3348.456456,-1791.168397,2,0,2,-102.759969,0.0
2026-01-19,3348.456456,-21.262322,0.0,3327.194134,-1812.430719,4,2,2,-99.700291,78.437969
2026-01-20,3327.194134,-70.718311,0.0,3256.475823,-1883.149031,5,2,3,-99.067205,28.348894
2026-01-21,3256.475823,124.932635,0.0,3381.408458,-1758.216396,5,3,2,95.496154,29.436482
2026-01-22,3381.408458,-71.870617,0.0,3309.537841,-1830.087013,5,2,3,-100.681437,28.81082
2026-01-23,3309.537841,126.968326,0.0,3436.506167,-1703.118687,5,3,2,97.052197,29.916129
2026-01-24,3436.506167,-102.321971,0.0,3334.184196,-1805.440658,2,0,2,-102.321971,0.0
2026-01-25,3334.184196,97.774952,0.0,3431.959147,-1707.665706,2,1,1,97.774952,0.0
2026-01-26,3431.959147,-21.792555,0.0,3410.166593,-1729.458261,4,2,2,-102.186584,80.394029
2026-01-27,3410.166593,142.125172,0.0,3552.291765,-1587.333089,3,2,1,100.003135,42.122037
2026-01-28,3552.291765,360.966088,0.0,3913.257853,-1226.367001,5,4,1,326.89965,34.066438
2026-01-29,3913.257853,-284.820594,0.0,3628.437259,-1511.187595,5,0,5,-116.517253,-168.303341
2026-01-30,3628.437259,-77.121125,0.0,3551.316134,-1588.30872,5,2,3,-108.680041,31.558916
2026-01-31,3551.316134,326.809867,0.0,3878.126001,-1261.498853,2,2,0,326.809867,0.0
2026-02-01,3878.126001,-85.696202,1000.0,2792.429799,-2347.195054,2,0,2,-85.696202,0.0
2026-02-02,2792.429799,151.285533,0.0,2943.715332,-2195.909521,4,3,1,81.888004,69.397529
2026-02-03,2943.715332,-62.567608,0.0,2881.147725,-2258.477129,5,2,3,-87.649124,25.081516
2026-02-04,2881.147725,-136.472508,0.0,2744.675217,-2394.949637,5,1,4,-85.786174,-50.686334
2026-02-05,2744.675217,-49.767274,0.0,2694.907942,-2444.716911,3,1,2,-81.722705,31.95543
2026-02-06,2694.907942,15.021184,0.0,2709.929127,-2429.695727,5,3,2,-80.240884,95.262068
2026-02-07,2709.929127,-80.68814,0.0,2629.240987,-2510.383866,2,0,2,-80.68814,0.0
2026-02-08,2629.240987,77.102492,0.0,2706.343479,-2433.281375,2,1,1,77.102492,0.0
2026-02-09,2706.343479,28.852247,0.0,2735.195727,-2404.429127,5,2,3,79.363523,-50.511275
2026-02-10,2735.195727,15.245745,0.0,2750.441472,-2389.183382,5,3,2,-81.440453,96.686198
2026-02-11,2750.441472,-17.464994,0.0,2732.976477,-2406.648376,4,2,2,-81.894395,64.429401
2026-02-12,2732.976477,-44.556548,0.0,2688.419929,-2451.204924,5,1,4,80.144535,-124.701083
2026-02-13,2688.419929,103.13953,0.0,2791.55946,-2348.065394,5,3,2,78.837914,24.301616
2026-02-14,2791.55946,256.893259,0.0,3048.452719,-2091.172135,2,2,0,256.893259,0.0
2026-02-15,3048.452719,89.395876,0.0,3137.848595,-2001.776259,2,1,1,89.395876,0.0
2026-02-16,3137.848595,-66.69384,0.0,3071.154755,-2068.470099,5,2,3,-93.429442,26.735602
2026-02-17,3071.154755,117.82291,0.0,3188.977664,-1950.647189,5,3,2,90.061613,27.761296
2026-02-18,3188.977664,33.997596,0.0,3222.97526,-1916.649593,5,2,3,93.51677,-59.519174
2026-02-19,3222.97526,-20.465531,0.0,3202.50973,-1937.115124,4,2,2,-95.964088,75.498558
2026-02-20,3202.50973,-151.694594,0.0,3050.815136,-2088.809718,5,1,4,-95.354727,-56.339867
2026-02-21,3050.815136,89.465154,0.0,3140.28029,-1999.344564,2,1,1,89.465154,0.0
2026-02-22,3140.28029,92.088719,0.0,3232.369009,-1907.255844,2,1,1,92.088719,0.0
2026-02-23,3232.369009,-153.108951,0.0,3079.260059,-2060.364795,5,1,4,-96.243787,-56.865163
2026-02-24,3079.260059,-65.448562,0.0,3013.811497,-2125.813357,5,2,3,-91.684968,26.236406
2026-02-25,3013.811497,163.279334,0.0,3177.090831,-1962.534023,4,3,1,88.380022,74.899312
2026-02-26,3177.090831,-20.17417,0.0,3156.916661,-1982.708192,4,2,2,-94.597879,74.42371
2026-02-27,3156.916661,-229.771436,0.0,2927.145225,-2212.479629,5,0,5,-93.997194,-135.774243
2026-02-28,2927.145225,-87.155749,0.0,2839.989476,-2299.635378,2,0,2,-87.155749,0.0
2026-03-01,2839.989476,-54.785687,1000.0,1785.203789,-3354.421064,2,0,2,-54.785687,0.0
2026-03-02,1785.203789,-37.943863,0.0,1747.259927,-3392.364927,5,2,3,-53.154443,15.21058
2026-03-03,1747.259927,126.194232,0.0,1873.454159,-3266.170695,5,3,2,160.791595,-34.597363
2026-03-04,1873.454159,26.013145,0.0,1899.467304,-3240.15755,3,1,2,54.939043,-28.925898
2026-03-05,1899.467304,20.250165,0.0,1919.717469,-3219.907385,5,2,3,55.701879,-35.451714
2026-03-06,1919.717469,73.648746,0.0,1993.366215,-3146.258639,5,3,2,56.295715,17.353032
2026-03-07,1993.366215,58.455464,0.0,2051.821679,-3087.803174,2,1,1,58.455464,0.0
2026-03-08,2051.821679,188.81889,0.0,2240.640569,-2898.984284,2,2,0,188.81889,0.0
2026-03-09,2240.640569,23.887403,0.0,2264.527972,-2875.096882,5,2,3,65.706785,-41.819382
2026-03-10,2264.527972,-107.264827,0.0,2157.263145,-2982.361708,5,1,4,-67.42632,-39.838506
2026-03-11,2157.263145,89.90804,0.0,2247.171186,-2892.453668,3,2,1,63.261742,26.646299
2026-03-12,2247.171186,-47.762813,0.0,2199.408373,-2940.216481,5,2,3,-66.909522,19.146709
2026-03-13,2199.408373,23.447827,0.0,2222.8562,-2916.768654,5,2,3,64.497651,-41.049823
2026-03-14,2222.8562,-26.290585,0.0,2196.565615,-2943.059238,2,1,1,-26.290585,0.0
2026-03-15,2196.565615,64.414287,0.0,2260.979902,-2878.644952,2,1,1,64.414287,0.0
2026-03-16,2260.979902,151.094836,0.0,2412.074738,-2727.550115,5,4,1,66.303236,84.791601
2026-03-17,2412.074738,70.734092,0.0,2482.80883,-2656.816023,2,1,1,70.734092,0.0
2026-03-18,2482.80883,-117.604226,0.0,2365.204604,-2774.420249,5,1,4,-73.925633,-43.678593
2026-03-19,2365.204604,280.018587,0.0,2645.223192,-2494.401662,4,4,0,217.657954,62.360634
2026-03-20,2645.223192,28.200646,0.0,2673.423838,-2466.201016,5,2,3,77.57117,-49.370524
2026-03-21,2673.423838,-79.601195,0.0,2593.822643,-2545.802211,2,0,2,-79.601195,0.0
2026-03-22,2593.822643,76.063849,0.0,2669.886492,-2469.738362,2,1,1,76.063849,0.0
2026-03-23,2669.886492,-16.953479,0.0,2652.933013,-2486.691841,4,2,2,-79.49587,62.542391
2026-03-24,2652.933013,244.136161,0.0,2897.069173,-2242.55568,2,2,0,244.136161,0.0
2026-03-25,2897.069173,111.144226,0.0,3008.2134,-2131.411454,5,3,2,84.956554,26.187673
2026-03-26,3008.2134,-142.49128,0.0,2865.72212,-2273.902734,5,1,4,-89.569554,-52.921726
2026-03-27,2865.72212,124.995079,0.0,2990.717199,-2148.907654,5,2,3,263.718078,-138.722999
2026-03-28,2990.717199,87.702782,0.0,3078.419981,-2061.204873,2,1,1,87.702782,0.0
2026-03-29,3078.419981,-91.659955,0.0,2986.760026,-2152.864827,2,0,2,-91.659955,0.0
2026-03-30,2986.760026,77.810315,0.0,3064.570341,-2075.054512,4,2,2,87.586738,-9.776423
2026-03-31,3064.570341,32.671293,0.0,3097.241635,-2042.383219,5,2,3,89.868525,-57.197232
2026-04-01,3097.241635,-68.916022,1000.0,2028.325613,-3111.299241,4,1,3,-62.44537,-6.470652
2026-04-02,2028.325613,77.815429,0.0,2106.141042,-3033.483812,5,3,2,59.480649,18.334781
2026-04-03,2106.141042,61.762586,0.0,2167.903628,-2971.721226,2,1,1,61.762586,0.0
2026-04-04,2167.903628,63.573774,0.0,2231.477402,-2908.147452,2,1,1,63.573774,0.0
2026-04-05,2231.477402,65.438075,0.0,2296.915477,-2842.709377,2,1,1,65.438075,0.0
2026-04-06,2296.915477,241.473116,0.0,2538.388593,-2601.236261,3,3,0,211.373647,30.099469
2026-04-07,2538.388593,300.521987,0.0,2838.91058,-2300.714273,4,4,0,233.59521,66.926777
2026-04-08,2838.91058,108.913009,0.0,2947.823589,-2191.801265,5,3,2,83.251053,25.661956
2026-04-09,2947.823589,113.091387,0.0,3060.914976,-2078.709877,5,3,2,86.444927,26.646461
2026-04-10,3060.914976,89.761332,0.0,3150.676308,-1988.948546,2,1,1,89.761332,0.0
2026-04-11,3150.676308,-93.811387,0.0,3056.864921,-2082.759933,2,0,2,-93.811387,0.0
2026-04-12,3056.864921,-91.018153,0.0,2965.846768,-2173.778086,2,0,2,-91.018153,0.0
2026-04-13,2965.846768,16.531374,0.0,2982.378142,-2157.246712,5,3,2,-88.308088,104.839462
2026-04-14,2982.378142,-48.622619,0.0,2933.755523,-2205.869331,5,1,4,87.458239,-136.080858
2026-04-15,2933.755523,-18.629018,0.0,2915.126505,-2224.498349,4,2,2,-87.352571,68.723553
2026-04-16,2915.126505,-61.959962,0.0,2853.166543,-2286.458311,5,2,3,-86.797892,24.837929
2026-04-17,2853.166543,30.417524,0.0,2883.584066,-2256.040787,5,2,3,83.669109,-53.251585
2026-04-18,2883.584066,84.561103,0.0,2968.145169,-2171.479685,2,1,1,84.561103,0.0
2026-04-19,2968.145169,87.040857,0.0,3055.186026,-2084.438828,2,1,1,87.040857,0.0
2026-04-20,3055.186026,165.520883,0.0,3220.706909,-1918.917945,4,3,1,89.59333,75.927553
2026-04-21,3220.706909,123.560383,0.0,3344.267292,-1795.357561,5,3,2,94.44723,29.113153
2026-04-22,3344.267292,-60.639258,0.0,3283.628035,-1855.996819,3,1,2,-99.575559,38.936301
2026-04-23,3283.628035,219.435494,0.0,3503.063528,-1636.561325,5,4,1,96.292392,123.143101
2026-04-24,3503.063528,145.996828,0.0,3649.060357,-1490.564497,3,2,1,102.727338,43.26949
2026-04-25,3649.060357,107.008695,0.0,3756.069052,-1383.555802,2,1,1,107.008695,0.0
2026-04-26,3756.069052,110.146725,0.0,3866.215777,-1273.409077,2,1,1,110.146725,0.0
2026-04-27,3866.215777,-24.550036,0.0,3841.665741,-1297.959113,4,2,2,-115.116575,90.566539
2026-04-28,3841.665741,-69.658236,0.0,3772.007505,-1367.617348,3,1,2,-114.385597,44.727362
2026-04-29,3772.007505,164.524807,0.0,3936.532312,-1203.092542,5,2,3,347.118991,-182.594184
2026-04-30,3936.532312,115.43881,0.0,4051.971122,-1087.653732,2,1,1,115.43881,0.0
2026-05-01,4051.971122,-49.757215,1000.0,3002.213907,-2137.410947,5,1,4,89.499053,-139.256268
2026-05-02,3002.213907,276.278735,0.0,3278.492642,-1861.132212,2,2,0,276.278735,0.0
2026-05-03,3278.492642,96.141797,0.0,3374.634439,-1764.990415,2,1,1,96.141797,0.0
2026-05-04,3374.634439,35.976878,0.0,3410.611316,-1729.013538,5,2,3,98.961155,-62.984277
2026-05-05,3410.611316,184.776767,0.0,3595.388083,-1544.23677,4,3,1,100.016177,84.76059
2026-05-06,3595.388083,-76.418677,0.0,3518.969406,-1620.655447,5,2,3,-107.05268,30.634003
2026-05-07,3518.969406,135.003035,0.0,3653.972442,-1485.652412,5,3,2,103.193778,31.809258
2026-05-08,3653.972442,197.961348,0.0,3851.93379,-1287.691064,4,3,1,107.152742,90.808606
2026-05-09,3851.93379,-114.691329,0.0,3737.242461,-1402.382392,2,0,2,-114.691329,0.0
2026-05-10,3737.242461,-111.276394,0.0,3625.966067,-1513.658787,2,0,2,-111.276394,0.0
2026-05-11,3625.966067,-263.910493,0.0,3362.055574,-1777.569279,5,0,5,-107.96314,-155.947353
2026-05-12,3362.055574,128.983135,0.0,3491.03871,-1648.586144,5,3,2,98.59228,30.390856
2026-05-13,3491.03871,-22.167703,0.0,3468.871007,-1670.753847,4,2,2,-103.945678,81.777974
2026-05-14,3468.871007,-164.311438,0.0,3304.559569,-1835.065285,5,1,4,-103.285634,-61.025804
2026-05-15,3304.559569,-59.919265,0.0,3244.640303,-1894.98455,3,1,2,-98.393261,38.473996
2026-05-16,3244.640303,95.149077,0.0,3339.78938,-1799.835474,2,1,1,95.149077,0.0
2026-05-17,3339.78938,0.0,1000.0,2339.78938,-2799.835474,0,0,0,0.0,0.0
