symbol,entry_time,exit_time,direction,size,entry_price,exit_price,pnl,balance_after,exit_reason
BTCUSD,2025-11-18T12:10:00+00:00,2025-11-18T12:15:00+00:00,SELL,0.06277323170048446,91027.1,91186.40357142857,-10.0,1990.0,stop_loss
BTCUSD,2025-11-18T12:40:00+00:00,2025-11-18T12:50:00+00:00,BUY,0.0546488819144744,91707.65,91525.57857142856,-9.950000000000001,1980.05,stop_loss
BTCUSD,2025-11-19T14:05:00+00:00,2025-11-19T14:10:00+00:00,SELL,0.056407089370012375,91135.65,91311.16428571429,-9.90025,1970.14975,stop_loss
BTCUSD,2025-11-19T14:25:00+00:00,2025-11-19T14:30:00+00:00,SELL,0.05018302585375681,91061.9,91258.19642857142,-9.850748750000001,1960.29900125,stop_loss
BTCUSD,2025-11-20T14:00:00+00:00,2025-11-20T14:20:00+00:00,SELL,0.03257199522591523,90963.15,91264.06785714286,-9.80149500625,1950.49750624375,stop_loss
BTCUSD,2025-11-20T15:10:00+00:00,2025-11-20T15:20:00+00:00,SELL,0.023973035096536817,90308.65,90715.46071428571,-9.75248753121875,1940.7450187125312,stop_loss
BTCUSD,2025-11-21T07:15:00+00:00,2025-11-21T07:30:00+00:00,SELL,0.05347036301408261,85309.4,84764.96428571429,29.11117528068797,1969.8561939932192,take_profit
BTCUSD,2025-11-21T07:30:00+00:00,2025-11-21T07:35:00+00:00,SELL,0.0244050820045002,83367.4,83770.97499999999,-9.849280969966097,1960.0069130232532,stop_loss
BTCUSD,2025-11-22T10:20:00+00:00,2025-11-22T11:05:00+00:00,SELL,0.056963934280636376,83765.3,83937.33928571429,-9.800034565116267,1950.206878458137,stop_loss
BTCUSD,2025-11-22T14:10:00+00:00,2025-11-22T14:45:00+00:00,BUY,0.0598734595697794,84376.05,84213.1892857143,-9.751034392290686,1940.4558440658463,stop_loss
BTCUSD,2025-11-23T08:55:00+00:00,2025-11-23T11:00:00+00:00,BUY,0.08069861518810183,86093.35,85973.12142857144,-9.702279220329231,1930.753564845517,stop_loss
BTCUSD,2025-11-23T12:10:00+00:00,2025-11-23T13:10:00+00:00,BUY,0.06859501067816728,86557.4,86416.66428571429,-9.653767824227586,1921.0997970212895,stop_loss
BTCUSD,2025-11-24T09:05:00+00:00,2025-11-24T09:20:00+00:00,SELL,0.05788811510363141,86533.15,86035.35357142857,28.816496955319344,1949.9162939766088,take_profit
BTCUSD,2025-11-24T09:20:00+00:00,2025-11-24T11:35:00+00:00,SELL,0.053861902641264864,86002.75,86183.76071428572,-9.749581469883044,1940.1667125067258,stop_loss
BTCUSD,2025-11-25T07:50:00+00:00,2025-11-25T08:20:00+00:00,SELL,0.07328099599388403,87394.4,87526.77857142857,-9.70083356253363,1930.4658789441921,stop_loss
BTCUSD,2025-11-25T08:45:00+00:00,2025-11-25T09:10:00+00:00,SELL,0.07399255956091358,87220.85,86829.50000000001,28.95698818416288,1959.422867128355,take_profit
BTCUSD,2025-11-26T07:55:00+00:00,2025-11-26T08:00:00+00:00,BUY,0.10982872298433038,87906.85,87817.64642857143,-9.797114335641774,1949.6257527927132,stop_loss
BTCUSD,2025-11-26T09:05:00+00:00,2025-11-26T09:10:00+00:00,SELL,0.11239349614616978,87287.05,87373.78214285715,-9.748128763963566,1939.8776240287496,stop_loss
BTCUSD,2025-11-27T08:50:00+00:00,2025-11-27T09:15:00+00:00,BUY,0.12936213554541154,91508.2,91733.1357142857,29.098164360431245,1968.9757883891807,take_profit
BTCUSD,2025-11-27T09:15:00+00:00,2025-11-27T09:20:00+00:00,BUY,0.1341851776149887,91747.05,91673.68214285714,-9.844878941945904,1959.130909447235,stop_loss
BTCUSD,2025-11-28T07:35:00+00:00,2025-11-28T07:55:00+00:00,SELL,0.10839755259163006,91155.25,90884.14642857143,29.38696364170695,1988.5178730889418,take_profit
BTCUSD,2025-11-28T10:50:00+00:00,2025-11-28T11:00:00+00:00,BUY,0.12620931282639103,91834.7,91755.92142857143,-9.942589365444709,1978.575283723497,stop_loss
BTCUSD,2025-11-29T08:00:00+00:00,2025-11-29T08:05:00+00:00,SELL,0.14984341648884325,90549.95,90615.97142857143,-9.892876418617485,1968.6824073048795,stop_loss
BTCUSD,2025-11-29T10:15:00+00:00,2025-11-29T10:20:00+00:00,SELL,0.17248609864364423,90494.75,90551.81785714286,-9.843412036524397,1958.8389952683551,stop_loss
BTCUSD,2025-11-30T07:10:00+00:00,2025-11-30T08:20:00+00:00,BUY,0.19876600662289057,90970.5,91118.325,29.38258492902822,1988.2215801973834,take_profit
BTCUSD,2025-11-30T08:20:00+00:00,2025-11-30T08:25:00+00:00,BUY,0.13476857810961898,91331.05,91257.28571428571,-9.941107900986918,1978.2804722963965,stop_loss
BTCUSD,2025-12-01T11:05:00+00:00,2025-12-01T11:40:00+00:00,SELL,0.13347434511878928,86493.25,86270.92857142858,29.674207084444006,2007.9546793808406,take_profit
BTCUSD,2025-12-01T11:40:00+00:00,2025-12-01T12:05:00+00:00,SELL,0.13049561559432782,86278.8,86047.99285714286,30.119320190710713,2038.0739995715514,take_profit
BTCUSD,2025-12-02T10:40:00+00:00,2025-12-02T10:50:00+00:00,BUY,0.10236066724306192,87049.6,87348.26071428572,30.571109993574765,2068.6451095651264,take_profit
BTCUSD,2025-12-02T13:50:00+00:00,2025-12-02T14:05:00+00:00,BUY,0.07575274393531821,87712.15,88121.76785714286,31.029676643476897,2099.674786208603,take_profit
BTCUSD,2025-12-03T09:55:00+00:00,2025-12-03T10:00:00+00:00,BUY,0.0817607626816136,93207.15,93078.74642857142,-10.498373931043016,2089.1764122775603,stop_loss
BTCUSD,2025-12-03T10:20:00+00:00,2025-12-03T10:25:00+00:00,BUY,0.09272864679439274,93376.85,93264.20000000001,-10.445882061387803,2078.7305302161726,stop_loss
BTCUSD,2025-12-04T07:55:00+00:00,2025-12-04T08:05:00+00:00,BUY,0.10704858170759918,93411.85,93314.75714285715,-10.393652651080863,2068.3368775650915,stop_loss
BTCUSD,2025-12-04T11:25:00+00:00,2025-12-04T12:40:00+00:00,SELL,0.11557260541173661,93023.55,93113.03214285715,-10.341684387825458,2057.995193177266,stop_loss
BTCUSD,2025-12-05T07:25:00+00:00,2025-12-05T07:40:00+00:00,BUY,0.11695053054261761,92484.85,92396.86428571428,-10.289975965886331,2047.70521721138,stop_loss
BTCUSD,2025-12-05T09:10:00+00:00,2025-12-05T09:15:00+00:00,SELL,0.11760213742855075,91901.85,91640.66785714285,30.7155782581707,2078.4207954695507,take_profit
BTCUSD,2025-12-06T08:20:00+00:00,2025-12-06T09:10:00+00:00,SELL,0.16287652469396335,89420.2,89484.00357142856,-10.392103977347753,2068.028691492203,stop_loss
BTCUSD,2025-12-06T13:40:00+00:00,2025-12-06T13:45:00+00:00,BUY,0.2570119989426485,89782.45,89742.21785714285,-10.340143457461016,2057.688548034742,stop_loss
BTCUSD,2025-12-07T07:15:00+00:00,2025-12-07T08:10:00+00:00,SELL,0.1602026452701935,89422.55,89229.88571428572,30.865328220521125,2088.553876255263,take_profit
BTCUSD,2025-12-07T09:20:00+00:00,2025-12-07T09:25:00+00:00,SELL,0.14565257418466318,89132.2,89203.89642857143,-10.442769381276314,2078.1111068739865,stop_loss
BTCUSD,2025-12-08T07:25:00+00:00,2025-12-08T07:45:00+00:00,BUY,0.10012925212085241,91703.55,91599.77857142857,-10.390555534369932,2067.7205513396166,stop_loss
BTCUSD,2025-12-08T09:00:00+00:00,2025-12-08T10:05:00+00:00,BUY,0.09162816990711975,91959.35,91846.51785714287,-10.338602756698084,2057.3819485829185,stop_loss
BTCUSD,2025-12-09T09:25:00+00:00,2025-12-09T10:35:00+00:00,SELL,0.11518574454195445,90310.55,90042.62857142858,30.86072922874378,2088.2426778116624,take_profit
BTCUSD,2025-12-09T10:35:00+00:00,2025-12-09T10:40:00+00:00,SELL,0.10988272378171184,90014.7,90109.72142857143,-10.441213389058312,2077.801464422604,stop_loss
BTCUSD,2025-12-10T07:55:00+00:00,2025-12-10T08:00:00+00:00,BUY,0.1363386787678926,92800.35,92724.15000000001,-10.38900732211302,2067.412457100491,stop_loss
BTCUSD,2025-12-10T09:45:00+00:00,2025-12-10T10:00:00+00:00,BUY,0.11432545088045482,92836.8,93108.05357142858,31.011186856505702,2098.423643956997,take_profit
BTCUSD,2025-12-11T12:05:00+00:00,2025-12-11T12:20:00+00:00,SELL,0.18111048033659072,90185.85,90243.78214285715,-10.492118219784984,2087.931525737212,stop_loss
BTCUSD,2025-12-11T12:55:00+00:00,2025-12-11T13:00:00+00:00,SELL,0.1337743872606311,90036.35,90114.3892857143,-10.43965762868606,2077.491868108526,stop_loss
BTCUSD,2025-12-12T09:55:00+00:00,2025-12-12T10:45:00+00:00,BUY,0.09699488479130501,92539.1,92432.00714285715,-10.38745934054263,2067.1044087679834,stop_loss
BTCUSD,2025-12-12T13:15:00+00:00,2025-12-12T13:20:00+00:00,BUY,0.12147188432988665,92509.2,92424.11428571428,-10.335522043839918,2056.7688867241436,stop_loss
BTCUSD,2025-12-13T11:40:00+00:00,2025-12-13T11:45:00+00:00,SELL,0.23579073382033336,90367.2,90410.81428571428,-10.283844433620718,2046.4850422905229,stop_loss
BTCUSD,2025-12-13T12:45:00+00:00,2025-12-13T13:00:00+00:00,SELL,0.17423248961365206,90314.05,90372.77857142857,-10.232425211452615,2036.2526170790702,stop_loss
BTCUSD,2025-12-14T09:30:00+00:00,2025-12-14T10:10:00+00:00,SELL,0.2621623748308617,90075.3,89958.79285714286,30.543789256186056,2066.796406335256,take_profit
BTCUSD,2025-12-14T10:10:00+00:00,2025-12-14T10:15:00+00:00,SELL,0.21724716336581634,89825.8,89873.36785714286,-10.33398203167628,2056.4624243035796,stop_loss
BTCUSD,2025-12-15T09:00:00+00:00,2025-12-15T09:10:00+00:00,BUY,0.11824574478500213,89924.5,89837.54285714286,-10.282312121517899,2046.1801121820617,stop_loss
BTCUSD,2025-12-15T14:30:00+00:00,2025-12-15T14:35:00+00:00,SELL,0.07260187437095449,89075.6,89216.51785714287,-10.230900560910309,2035.9492116211513,stop_loss
BTCUSD,2025-12-16T07:40:00+00:00,2025-12-16T07:45:00+00:00,SELL,0.0877888658454409,85882.9,85998.85714285713,-10.179746058105756,2025.7694655630455,stop_loss
BTCUSD,2025-12-16T10:35:00+00:00,2025-12-16T10:40:00+00:00,BUY,0.09536879587692693,86733.8,87052.42142857143,30.38654198344291,2056.1560075464886,take_profit
BTCUSD,2025-12-17T08:25:00+00:00,2025-12-17T10:10:00+00:00,SELL,0.08412585219958035,86489.75,86611.95714285714,-10.280780037732443,2045.875227508756,stop_loss
BTCUSD,2025-12-17T12:00:00+00:00,2025-12-17T12:10:00+00:00,BUY,0.10401370223743496,87148.55,87050.20357142857,-10.229376137543781,2035.6458513712123,stop_loss
BTCUSD,2025-12-18T07:10:00+00:00,2025-12-18T08:00:00+00:00,BUY,0.11499431836015186,86766.2,86677.68928571428,-10.178229256856062,2025.4676221143563,stop_loss
BTCUSD,2025-12-18T08:20:00+00:00,2025-12-18T09:00:00+00:00,BUY,0.10904686475004861,86944.1,86851.22857142858,-10.127338110571783,2015.3402840037845,stop_loss
BTCUSD,2025-12-19T07:00:00+00:00,2025-12-19T07:10:00+00:00,BUY,0.06950133997450864,87694.0,88128.95714285715,30.230104260055754,2045.5703882638402,take_profit
BTCUSD,2025-12-19T07:10:00+00:00,2025-12-19T07:15:00+00:00,BUY,0.05632298594912982,88088.95,87907.35714285714,-10.227851941319202,2035.342536322521,stop_loss
BTCUSD,2025-12-20T12:05:00+00:00,2025-12-20T12:10:00+00:00,BUY,0.2355136416936616,88282.25,88239.03928571429,-10.176712681612605,2025.1658236409085,stop_loss
BTCUSD,2025-12-20T13:15:00+00:00,2025-12-20T13:20:00+00:00,SELL,0.183640919301568,87994.9,88050.03928571429,-10.125829118204543,2015.0399945227039,stop_loss
BTCUSD,2025-12-21T07:40:00+00:00,2025-12-21T07:45:00+00:00,SELL,0.36274347336130885,88041.05,88068.82500000001,-10.07519997261352,2004.9647945500903,stop_loss
BTCUSD,2025-12-21T08:20:00+00:00,2025-12-21T08:30:00+00:00,BUY,0.3112263790187643,88199.95,88296.58214285714,30.07447191825136,2035.0392664683418,take_profit
BTCUSD,2025-12-22T07:00:00+00:00,2025-12-22T08:15:00+00:00,BUY,0.10839090633652952,88990.95,89272.575,30.525588997025128,2065.564855465367,take_profit
BTCUSD,2025-12-22T08:15:00+00:00,2025-12-22T08:20:00+00:00,BUY,0.09935718253398886,89437.9,89749.73928571427,30.983472831981956,2096.548328297349,take_profit
BTCUSD,2025-12-23T09:20:00+00:00,2025-12-23T09:40:00+00:00,SELL,0.12803907082603214,87337.0,87418.87142857144,-10.482741641486745,2086.0655866558623,stop_loss
BTCUSD,2025-12-23T13:35:00+00:00,2025-12-23T13:40:00+00:00,SELL,0.07990401699912379,87539.2,87669.73571428572,-10.430327933279312,2075.635258722583,stop_loss
BTCUSD,2025-12-24T08:20:00+00:00,2025-12-24T08:25:00+00:00,SELL,0.11804880411974224,86742.75,86830.66428571429,-10.378176293612915,2065.25708242897,stop_loss
BTCUSD,2025-12-24T08:55:00+00:00,2025-12-24T10:05:00+00:00,SELL,0.09468692413546569,86726.1,86835.15714285715,-10.32628541214485,2054.930797016825,stop_loss
BTCUSD,2025-12-25T08:20:00+00:00,2025-12-25T08:25:00+00:00,SELL,0.1614604958931126,87328.4,87392.03571428571,-10.274653985084127,2044.656143031741,stop_loss
BTCUSD,2025-12-25T10:35:00+00:00,2025-12-25T10:40:00+00:00,SELL,0.2171206462564103,87224.15,87271.2357142857,-10.223280715158706,2034.4328623165823,stop_loss
BTCUSD,2025-12-26T07:10:00+00:00,2025-12-26T07:30:00+00:00,BUY,0.12667701508820103,89294.55,89214.25,-10.172164311582911,2024.2606980049993,stop_loss
BTCUSD,2025-12-26T09:45:00+00:00,2025-12-26T09:55:00+00:00,BUY,0.1579778681758717,88821.65,88757.58214285714,-10.121303490024998,2014.1393945149744,stop_loss
BTCUSD,2025-12-27T10:30:00+00:00,2025-12-27T11:15:00+00:00,SELL,0.23463098288576537,87425.95,87468.87142857142,-10.070696972574872,2004.0686975423994,stop_loss
BTCUSD,2025-12-27T13:20:00+00:00,2025-12-27T13:35:00+00:00,SELL,0.45107655571685434,87350.4,87372.61428571428,-10.020343487711997,1994.0483540546875,stop_loss
BTCUSD,2025-12-28T08:05:00+00:00,2025-12-28T08:30:00+00:00,BUY,0.33178841165632184,87742.45,87712.4,-9.970241770273438,1984.0781122844141,stop_loss
BTCUSD,2025-12-28T08:35:00+00:00,2025-12-28T08:40:00+00:00,BUY,0.33978096112508704,87796.45,87884.03928571429,29.761171684261267,2013.8392839686753,take_profit
BTCUSD,2025-12-29T09:35:00+00:00,2025-12-29T09:45:00+00:00,SELL,0.05801541242373133,88427.05,87906.36785714286,30.20758925952929,2044.0468732282045,take_profit
BTCUSD,2025-12-29T09:45:00+00:00,2025-12-29T12:05:00+00:00,SELL,0.0494952284366105,87976.85,87357.38214285715,30.660703098423067,2074.7075763266275,take_profit
BTCUSD,2025-12-30T08:00:00+00:00,2025-12-30T08:10:00+00:00,BUY,0.14460051808917937,87602.65,87817.86785714286,31.120613644901518,2105.828189971529,take_profit
BTCUSD,2025-12-30T08:10:00+00:00,2025-12-30T08:15:00+00:00,BUY,0.11326441530447501,87772.5,88051.38214285715,31.58742284957458,2137.4156128211034,take_profit
BTCUSD,2025-12-31T07:35:00+00:00,2025-12-31T08:35:00+00:00,BUY,0.24890882198878939,88498.3,88455.36428571428,-10.687078064105517,2126.7285347569978,stop_loss
BTCUSD,2025-12-31T10:10:00+00:00,2025-12-31T10:20:00+00:00,BUY,0.24112568421277972,88685.8,88641.7,-10.633642673784989,2116.094892083213,stop_loss
BTCUSD,2026-01-01T11:50:00+00:00,2026-01-01T12:30:00+00:00,BUY,0.3610643325919718,87840.8,87811.49642857144,-10.580474460416065,2105.514417622797,stop_loss
BTCUSD,2026-01-01T15:15:00+00:00,2026-01-01T15:25:00+00:00,BUY,0.21290864461332928,87916.95,87867.50357142856,-10.527572088113985,2094.9868455346827,stop_loss
BTCUSD,2026-01-02T08:20:00+00:00,2026-01-02T09:45:00+00:00,BUY,0.1324085406414283,88993.1,89230.43214285714,31.424802683016384,2126.411648217699,take_profit
BTCUSD,2026-01-02T09:45:00+00:00,2026-01-02T09:50:00+00:00,BUY,0.1151813165482011,89356.25,89263.94285714286,-10.632058241088496,2115.7795899766106,stop_loss
BTCUSD,2026-01-03T08:00:00+00:00,2026-01-03T08:25:00+00:00,SELL,0.12300022531215779,89591.3,89677.30714285714,-10.578897949883054,2105.2006920267277,stop_loss
BTCUSD,2026-01-03T12:05:00+00:00,2026-01-03T12:20:00+00:00,SELL,0.2594665876254387,89609.4,89649.96785714285,-10.526003460133639,2094.674688566594,stop_loss
BTCUSD,2026-01-04T10:10:00+00:00,2026-01-04T10:15:00+00:00,BUY,0.1544419930478618,91505.1,91437.28571428571,-10.473373442832969,2084.201315123761,stop_loss
BTCUSD,2026-01-04T14:10:00+00:00,2026-01-04T14:15:00+00:00,BUY,0.1670128693934583,91359.5,91297.10357142857,-10.421006575618806,2073.7803085481423,stop_loss
BTCUSD,2026-01-05T08:05:00+00:00,2026-01-05T08:35:00+00:00,BUY,0.18228746355042322,92587.4,92530.51785714286,-10.368901542740712,2063.4114070054015,stop_loss
BTCUSD,2026-01-05T09:45:00+00:00,2026-01-05T10:00:00+00:00,BUY,0.10493192770822299,92736.35,92638.02857142857,-10.317057035027007,2053.0943499703744,stop_loss
BTCUSD,2026-01-06T07:10:00+00:00,2026-01-06T07:35:00+00:00,SELL,0.11241912116546732,93536.3,93262.35714285713,30.79641524955889,2083.890765219933,take_profit
BTCUSD,2026-01-06T07:35:00+00:00,2026-01-06T08:05:00+00:00,SELL,0.1018768401476292,93267.5,93369.77500000001,-10.419453826099666,2073.4713113938337,stop_loss
BTCUSD,2026-01-07T09:05:00+00:00,2026-01-07T09:10:00+00:00,SELL,0.12551821835738974,92466.2,92218.41071428571,31.102069670907508,2104.573381064741,take_profit
BTCUSD,2026-01-07T09:10:00+00:00,2026-01-07T09:20:00+00:00,SELL,0.10714971028767185,92219.1,91924.47857142857,31.56860071596956,2136.141981780711,take_profit
BTCUSD,2026-01-08T07:00:00+00:00,2026-01-08T07:10:00+00:00,SELL,0.056760529427821046,89762.35,89950.52142857143,-10.680709908903555,2125.461271871807,stop_loss
BTCUSD,2026-01-08T09:25:00+00:00,2026-01-08T10:20:00+00:00,SELL,0.08487053365906987,89924.4,90049.61785714285,-10.627306359359036,2114.8339655124482,stop_loss
BTCUSD,2026-01-09T07:55:00+00:00,2026-01-09T08:00:00+00:00,SELL,0.16439575523137928,90642.15,90706.47142857143,-10.574169827562242,2104.259795684886,stop_loss
BTCUSD,2026-01-09T08:00:00+00:00,2026-01-09T08:05:00+00:00,SELL,0.12431275693977477,90443.55,90528.18571428572,-10.52129897842443,2093.7384967064613,stop_loss
BTCUSD,2026-01-10T08:00:00+00:00,2026-01-10T08:05:00+00:00,BUY,0.2775001321015425,90589.0,90551.275,-10.468692483532307,2083.269804222929,stop_loss
BTCUSD,2026-01-10T09:55:00+00:00,2026-01-10T12:00:00+00:00,BUY,0.25828708164292596,90634.85,90594.52142857143,-10.416349021114645,2072.8534552018145,stop_loss
BTCUSD,2026-01-11T08:30:00+00:00,2026-01-11T08:35:00+00:00,BUY,0.40143793571482184,90637.8,90611.98214285714,-10.364267276009073,2062.4891879258053,stop_loss
BTCUSD,2026-01-11T08:55:00+00:00,2026-01-11T09:25:00+00:00,BUY,0.2667422506324654,90668.95,90630.28928571429,-10.312445939629027,2052.1767419861762,stop_loss
BTCUSD,2026-01-12T08:30:00+00:00,2026-01-12T08:35:00+00:00,SELL,0.0744505685094718,91031.55,90618.08571428571,30.782651129791564,2082.959393115968,take_profit
BTCUSD,2026-01-12T08:35:00+00:00,2026-01-12T12:35:00+00:00,SELL,0.06293064482104599,90658.45,90581.75,4.826780457774044,2087.786173573742,max_hold
BTCUSD,2026-01-13T09:00:00+00:00,2026-01-13T09:20:00+00:00,BUY,0.1276264362502402,92298.1,92543.47857142858,31.316792603604274,2119.1029661773464,take_profit
BTCUSD,2026-01-13T09:20:00+00:00,2026-01-13T09:35:00+00:00,BUY,0.0989508422602967,92449.15,92342.07142857142,-10.595514830886732,2108.5074513464597,stop_loss
BTCUSD,2026-01-14T07:45:00+00:00,2026-01-14T08:35:00+00:00,BUY,0.0887685821821504,95169.35,95050.58571428573,-10.542537256732299,2097.9649140897272,stop_loss
BTCUSD,2026-01-14T13:20:00+00:00,2026-01-14T13:30:00+00:00,BUY,0.12896381469705678,95151.8,95070.46071428571,-10.489824570448636,2087.4750895192788,stop_loss
BTCUSD,2026-01-15T07:40:00+00:00,2026-01-15T08:00:00+00:00,BUY,0.09493454799009121,96590.95,96481.00714285714,-10.437375447596393,2077.0377140716823,stop_loss
BTCUSD,2026-01-15T09:25:00+00:00,2026-01-15T09:40:00+00:00,BUY,0.10962687275024663,96752.7,97036.89642857143,31.15556571107524,2108.1932797827576,take_profit
BTCUSD,2026-01-16T10:00:00+00:00,2026-01-16T10:30:00+00:00,SELL,0.16704231092286018,95541.55,95352.2392857143,31.62289919674137,2139.816178979499,take_profit
BTCUSD,2026-01-16T10:30:00+00:00,2026-01-16T11:50:00+00:00,SELL,0.17983807483317987,95355.7,95415.19285714286,-10.699080894897495,2129.1170980846014,stop_loss
BTCUSD,2026-01-17T08:00:00+00:00,2026-01-17T08:15:00+00:00,SELL,0.21355236690916277,95103.15,95153.0,-10.645585490423008,2118.4715125941784,stop_loss
BTCUSD,2026-01-17T10:40:00+00:00,2026-01-17T11:20:00+00:00,SELL,0.3308265608066974,95131.05,95163.06785714286,-10.592357562970893,2107.8791550312076,stop_loss
BTCUSD,2026-01-18T07:30:00+00:00,2026-01-18T07:45:00+00:00,SELL,0.3467313849187367,95013.2,95043.59642857143,-10.539395775156038,2097.3397592560514,stop_loss
BTCUSD,2026-01-18T09:30:00+00:00,2026-01-18T10:00:00+00:00,BUY,0.3663475562019304,95199.35,95170.725,-10.486698796280256,2086.8530604597713,stop_loss
BTCUSD,2026-01-19T13:15:00+00:00,2026-01-19T13:35:00+00:00,SELL,0.12263754710336265,92901.7,92986.78214285715,-10.434265302298856,2076.4187951574722,stop_loss
BTCUSD,2026-01-19T14:35:00+00:00,2026-01-19T14:45:00+00:00,SELL,0.11618650332615482,92704.45,92793.80714285714,-10.382093975787361,2066.0367011816847,stop_loss
BTCUSD,2026-01-20T08:35:00+00:00,2026-01-20T08:45:00+00:00,SELL,0.07104141917363235,90642.85,90788.26071428572,-10.330183505908423,2055.7065176757765,stop_loss
BTCUSD,2026-01-20T12:15:00+00:00,2026-01-20T12:25:00+00:00,SELL,0.14752866130542291,91025.1,91094.77142857143,-10.278532588378884,2045.4279850873975,stop_loss
BTCUSD,2026-01-21T07:30:00+00:00,2026-01-21T07:55:00+00:00,SELL,0.09471140000404502,89313.2,88989.25357142856,30.68141977631096,2076.1094048637083,take_profit
BTCUSD,2026-01-21T08:35:00+00:00,2026-01-21T08:55:00+00:00,SELL,0.07697643387826117,88945.85,89080.70357142857,-10.380547024318542,2065.7288578393895,stop_loss
BTCUSD,2026-01-22T09:35:00+00:00,2026-01-22T10:00:00+00:00,BUY,0.12878035360800888,90019.75,89939.54642857143,-10.328644289196948,2055.400213550193,stop_loss
BTCUSD,2026-01-22T13:20:00+00:00,2026-01-22T13:30:00+00:00,BUY,0.19199094602150335,90030.2,89976.67142857143,-10.277001067750964,2045.1232124824419,stop_loss
BTCUSD,2026-01-23T08:25:00+00:00,2026-01-23T09:15:00+00:00,SELL,0.12376469687367536,89222.45,88974.5857142857,30.67684818724023,2075.800060669682,take_profit
BTCUSD,2026-01-23T09:15:00+00:00,2026-01-23T11:05:00+00:00,SELL,0.08303200242678727,88947.15,89072.15,-10.379000303348409,2065.4210603663337,stop_loss
BTCUSD,2026-01-24T08:00:00+00:00,2026-01-24T08:50:00+00:00,SELL,0.2762841089732061,89490.5,89527.87857142856,-10.327105301831669,2055.093955064502,stop_loss
BTCUSD,2026-01-24T12:05:00+00:00,2026-01-24T12:30:00+00:00,SELL,0.5213139222849221,89409.85,89429.56071428572,-10.275469775322511,2044.8184852891795,stop_loss
BTCUSD,2026-01-25T08:35:00+00:00,2026-01-25T08:40:00+00:00,SELL,0.18426531149621628,88302.4,88135.94285714286,30.672277279340374,2075.49076256852,take_profit
BTCUSD,2026-01-25T08:40:00+00:00,2026-01-25T09:20:00+00:00,SELL,0.10915838564919429,88171.6,88266.66785714286,-10.377453812842601,2065.1133087556773,stop_loss
BTCUSD,2026-01-26T08:00:00+00:00,2026-01-26T08:10:00+00:00,BUY,0.09012620818161186,88022.1,87907.53214285715,-10.325566543778386,2054.787742211899,stop_loss
BTCUSD,2026-01-26T08:20:00+00:00,2026-01-26T08:45:00+00:00,BUY,0.06721111280335781,88089.55,87936.68928571428,-10.273938711059495,2044.5138035008395,stop_loss
BTCUSD,2026-01-27T08:45:00+00:00,2026-01-27T08:50:00+00:00,SELL,0.1416498898847671,88004.8,88076.96785714285,-10.222569017504197,2034.2912344833353,stop_loss
BTCUSD,2026-01-27T09:00:00+00:00,2026-01-27T09:55:00+00:00,SELL,0.14686508499777348,87984.9,87777.12857142858,30.51436851725003,2064.8056030005855,take_profit
BTCUSD,2026-01-28T09:35:00+00:00,2026-01-28T10:15:00+00:00,BUY,0.10245358299489205,89214.3,89516.60357142857,30.972084045008778,2095.777687045594,take_profit
BTCUSD,2026-01-28T11:45:00+00:00,2026-01-28T11:55:00+00:00,BUY,0.10503271028687643,89701.15,90000.45357142856,31.436665305683913,2127.214352351278,take_profit
BTCUSD,2026-01-29T08:05:00+00:00,2026-01-29T08:25:00+00:00,SELL,0.11588389016271557,87879.7,87971.48214285714,-10.63607176175639,2116.578280589522,stop_loss
BTCUSD,2026-01-29T09:50:00+00:00,2026-01-29T11:05:00+00:00,SELL,0.11785894490593872,87778.5,87868.29285714286,-10.58289140294761,2105.9953891865744,stop_loss
BTCUSD,2026-01-30T09:25:00+00:00,2026-01-30T09:35:00+00:00,SELL,0.06888287140763806,82264.35,82417.21785714287,-10.529976945932871,2095.4654122406414,stop_loss
BTCUSD,2026-01-30T14:35:00+00:00,2026-01-30T14:50:00+00:00,BUY,0.045986324374344204,83335.05,83107.21428571429,-10.477327061203207,2084.9880851794383,stop_loss
BTCUSD,2026-01-31T08:00:00+00:00,2026-01-31T08:10:00+00:00,SELL,0.10602917977666038,83356.3,83061.33571428573,31.274821277693114,2116.2629064571315,take_profit
BTCUSD,2026-01-31T08:10:00+00:00,2026-01-31T08:30:00+00:00,SELL,0.09126318596106342,83197.55,82849.72142857144,31.743943596855644,2148.0068500539874,take_profit
BTCUSD,2026-02-01T07:00:00+00:00,2026-02-01T07:10:00+00:00,SELL,0.08861414397912702,78066.6,78187.8,-10.740034250269938,2137.2668158037172,stop_loss
BTCUSD,2026-02-01T10:40:00+00:00,2026-02-01T11:30:00+00:00,SELL,0.06203710279742223,78309.2,78481.45714285714,-10.686334079018586,2126.5804817246985,stop_loss
BTCUSD,2026-02-02T09:25:00+00:00,2026-02-02T12:20:00+00:00,BUY,0.043940207131685546,77270.95,77996.90714285715,31.89870722586984,2158.479188950568,take_profit
BTCUSD,2026-02-02T12:20:00+00:00,2026-02-02T12:30:00+00:00,BUY,0.07610615182921505,78060.2,77918.39285714286,-10.79239594475284,2147.686793005815,stop_loss
BTCUSD,2026-02-03T08:35:00+00:00,2026-02-03T08:50:00+00:00,BUY,0.06637149596503504,78910.2,78748.40714285713,-10.738433965029076,2136.9483590407863,stop_loss
BTCUSD,2026-02-03T09:10:00+00:00,2026-02-03T09:20:00+00:00,SELL,0.058437888517570716,78126.05,78308.8892857143,-10.684741795203932,2126.2636172455823,stop_loss
BTCUSD,2026-02-04T08:00:00+00:00,2026-02-04T08:10:00+00:00,SELL,0.07181243520563481,76129.3,76277.34285714285,-10.631318086227912,2115.6322991593543,stop_loss
BTCUSD,2026-02-04T08:25:00+00:00,2026-02-04T08:35:00+00:00,SELL,0.06965372195807029,76023.1,76174.96785714287,-10.578161495796772,2105.0541376635574,stop_loss
BTCUSD,2026-02-05T10:50:00+00:00,2026-02-05T11:05:00+00:00,SELL,0.05407180875784795,70649.4,70844.05357142857,-10.525270688317788,2094.5288669752395,stop_loss
BTCUSD,2026-02-05T11:20:00+00:00,2026-02-05T11:25:00+00:00,SELL,0.041936707717993606,69952.45,70202.175,-10.472644334876197,2084.056222640363,stop_loss
BTCUSD,2026-02-06T11:50:00+00:00,2026-02-06T12:05:00+00:00,BUY,0.0511684942687161,66449.35,66245.70357142857,-10.420281113201815,2073.6359415271613,stop_loss
BTCUSD,2026-02-06T13:00:00+00:00,2026-02-06T13:05:00+00:00,BUY,0.05185386200368071,66795.35,66595.40000000001,-10.368179707635807,2063.2677618195257,stop_loss
BTCUSD,2026-02-07T08:00:00+00:00,2026-02-07T08:20:00+00:00,SELL,0.02625380474026264,68067.75,68460.69642857142,-10.316338809097628,2052.9514230104282,stop_loss
BTCUSD,2026-02-07T10:30:00+00:00,2026-02-07T11:00:00+00:00,SELL,0.05099866906000097,67819.7,68020.975,-10.264757115052142,2042.686665895376,stop_loss
BTCUSD,2026-02-08T07:15:00+00:00,2026-02-08T08:00:00+00:00,BUY,0.09350514426672815,69387.2,69714.8857142857,30.640299988430645,2073.3269658838067,take_profit
BTCUSD,2026-02-08T08:00:00+00:00,2026-02-08T08:05:00+00:00,BUY,0.08907410170428155,69789.65,69673.26785714286,-10.366634829419034,2062.9603310543876,stop_loss
BTCUSD,2026-02-09T08:20:00+00:00,2026-02-09T08:30:00+00:00,SELL,0.06218150716894972,70164.35,69666.70357142857,30.944404965816716,2093.9047360202044,take_profit
BTCUSD,2026-02-09T08:30:00+00:00,2026-02-09T08:35:00+00:00,SELL,0.05168767751790824,69555.15,69757.70357142857,-10.469523680101021,2083.435212340103,stop_loss
BTCUSD,2026-02-10T10:55:00+00:00,2026-02-10T11:30:00+00:00,SELL,0.10609665711028694,68874.6,68972.78571428572,-10.417176061700516,2073.0180362784026,stop_loss
BTCUSD,2026-02-10T11:40:00+00:00,2026-02-10T12:05:00+00:00,SELL,0.08659223209183178,68610.75,68730.45,-10.365090181392013,2062.6529460970105,stop_loss
BTCUSD,2026-02-11T09:45:00+00:00,2026-02-11T09:50:00+00:00,SELL,0.0897893139061594,66716.85,66831.71071428571,-10.313264730485052,2052.3396813665254,stop_loss
BTCUSD,2026-02-11T10:00:00+00:00,2026-02-11T10:10:00+00:00,SELL,0.08510887304245657,66681.1,66801.67142857143,-10.261698406832627,2042.0779829596927,stop_loss
BTCUSD,2026-02-12T08:25:00+00:00,2026-02-12T08:40:00+00:00,SELL,0.08221635108111681,66882.0,67006.18928571428,-10.210389914798464,2031.8675930448942,stop_loss
BTCUSD,2026-02-12T09:30:00+00:00,2026-02-12T10:30:00+00:00,BUY,0.0912847259566999,67419.1,67752.97857142857,30.47801389567076,2062.345606940565,take_profit
BTCUSD,2026-02-13T08:45:00+00:00,2026-02-13T10:40:00+00:00,BUY,0.07246288994144605,66614.4,67041.3107142857,30.93518410410953,2093.2807910446745,take_profit
BTCUSD,2026-02-13T11:55:00+00:00,2026-02-13T12:00:00+00:00,BUY,0.09107160282987259,67118.6,67003.675,-10.466403955223372,2082.814387089451,stop_loss
BTCUSD,2026-02-14T08:00:00+00:00,2026-02-14T08:05:00+00:00,BUY,0.11365972098714604,69361.0,69635.875,31.24221580634177,2114.056602895793,take_profit
BTCUSD,2026-02-14T08:05:00+00:00,2026-02-14T09:00:00+00:00,BUY,0.09106144988167024,69501.55,69849.78571428571,31.710849043435566,2145.7674519392285,take_profit
BTCUSD,2026-02-15T07:15:00+00:00,2026-02-15T07:20:00+00:00,BUY,0.08936708114577052,70761.75,70641.69642857143,-10.728837259696142,2135.038614679532,stop_loss
BTCUSD,2026-02-15T12:45:00+00:00,2026-02-15T12:50:00+00:00,SELL,0.08811290453531101,69958.6,69595.1392857143,32.02557922019298,2167.064193899725,take_profit
BTCUSD,2026-02-16T09:00:00+00:00,2026-02-16T09:05:00+00:00,BUY,0.14291251926419435,68917.75,68841.93214285714,-10.835320969498625,2156.2288729302263,stop_loss
BTCUSD,2026-02-16T09:25:00+00:00,2026-02-16T10:20:00+00:00,BUY,0.1297593028757893,68932.95,68849.86428571428,-10.781144364651132,2145.4477285655753,stop_loss
BTCUSD,2026-02-17T09:10:00+00:00,2026-02-17T10:15:00+00:00,SELL,0.1262611635626487,68071.55,67816.66785714286,32.181715928483634,2177.629444494059,take_profit
BTCUSD,2026-02-17T10:15:00+00:00,2026-02-17T10:20:00+00:00,SELL,0.1007761874352603,67804.3,67912.34285714287,-10.888147222470295,2166.741297271589,stop_loss
BTCUSD,2026-02-18T07:40:00+00:00,2026-02-18T08:15:00+00:00,BUY,0.136040802591271,68044.15,68283.05714285713,32.50111945907185,2199.242416730661,take_profit
BTCUSD,2026-02-18T08:15:00+00:00,2026-02-18T08:30:00+00:00,BUY,0.1074373432696891,68304.35,68202.0,-10.996212083653305,2188.2462046470073,stop_loss
BTCUSD,2026-02-19T08:20:00+00:00,2026-02-19T09:20:00+00:00,SELL,0.12867170761080393,66925.85,67010.88214285715,-10.941231023235037,2177.304973623772,stop_loss
BTCUSD,2026-02-19T09:45:00+00:00,2026-02-19T10:10:00+00:00,SELL,0.11197659845247478,66757.05,66854.27142857143,-10.886524868118862,2166.418448755653,stop_loss
BTCUSD,2026-02-20T09:00:00+00:00,2026-02-20T10:45:00+00:00,BUY,0.11773099247954498,68151.8,68059.79285714286,-10.832092243778266,2155.586356511875,stop_loss
BTCUSD,2026-02-20T13:00:00+00:00,2026-02-20T13:35:00+00:00,SELL,0.0786587316664899,67211.5,66800.43571428572,32.333795347676975,2187.920151859552,take_profit
BTCUSD,2026-02-21T08:10:00+00:00,2026-02-21T08:50:00+00:00,BUY,0.30423998933293,67888.35,67996.22142857143,32.8188022778977,2220.7389541374496,take_profit
BTCUSD,2026-02-21T08:50:00+00:00,2026-02-21T08:55:00+00:00,BUY,0.30561629173220817,67998.3,67961.96785714285,-11.103694770687248,2209.6352593667625,stop_loss
BTCUSD,2026-02-22T08:20:00+00:00,2026-02-22T08:35:00+00:00,SELL,0.35825007100324846,67948.55,67979.3892857143,-11.048176296833812,2198.5870830699287,stop_loss
BTCUSD,2026-02-22T11:00:00+00:00,2026-02-22T12:00:00+00:00,BUY,0.31728913682069937,68170.75,68136.10357142857,-10.992935415349644,2187.594147654579,stop_loss
BTCUSD,2026-02-23T11:40:00+00:00,2026-02-23T12:05:00+00:00,SELL,0.11709546192760646,66127.85,66221.26071428572,-10.937970738272895,2176.6561769163063,stop_loss
BTCUSD,2026-02-23T12:30:00+00:00,2026-02-23T12:35:00+00:00,SELL,0.122935236714654,65948.35,66036.87857142858,-10.883280884581533,2165.772896031725,stop_loss
BTCUSD,2026-02-24T12:45:00+00:00,2026-02-24T12:50:00+00:00,SELL,0.1322436346146351,63011.7,63093.58571428571,-10.828864480158625,2154.9440315515662,stop_loss
BTCUSD,2026-02-24T12:55:00+00:00,2026-02-24T13:10:00+00:00,SELL,0.11838957909869866,62958.0,63049.010714285716,-10.774720157757832,2144.1693113938086,stop_loss
BTCUSD,2026-02-25T08:20:00+00:00,2026-02-25T08:50:00+00:00,BUY,0.10681173626356662,65220.9,65522.014285714286,32.162539670906355,2176.331851064715,take_profit
BTCUSD,2026-02-25T08:50:00+00:00,2026-02-25T09:05:00+00:00,BUY,0.10858778258279478,65572.3,65472.08928571429,-10.881659255323575,2165.4501918093915,stop_loss
BTCUSD,2026-02-26T09:10:00+00:00,2026-02-26T09:15:00+00:00,BUY,0.0755678316100792,68335.2,68191.92142857143,-10.827250959046959,2154.6229408503445,stop_loss
BTCUSD,2026-02-26T09:35:00+00:00,2026-02-26T10:30:00+00:00,BUY,0.07650195579991531,68463.85,68323.02857142859,-10.773114704251723,2143.8498261460927,stop_loss
BTCUSD,2026-02-27T07:25:00+00:00,2026-02-27T07:30:00+00:00,SELL,0.12394242470285226,67514.4,67600.88571428572,-10.719249130730464,2133.130577015362,stop_loss
BTCUSD,2026-02-27T08:05:00+00:00,2026-02-27T08:15:00+00:00,BUY,0.09004350261778872,67995.1,67876.65000000001,-10.665652885076812,2122.4649241302855,stop_loss
BTCUSD,2026-02-28T08:00:00+00:00,2026-02-28T10:30:00+00:00,SELL,0.05435547759676634,63814.55,64009.78928571429,-10.612324620651428,2111.852599509634,stop_loss
BTCUSD,2026-02-28T16:40:00+00:00,2026-02-28T16:50:00+00:00,BUY,0.07313232510422116,65169.1,65024.71428571428,-10.559262997548167,2101.2933365120857,stop_loss
BTCUSD,2026-03-01T08:10:00+00:00,2026-03-01T08:20:00+00:00,BUY,0.08671768279438742,67270.85,67149.69285714286,-10.50646668256043,2090.786869829525,stop_loss
BTCUSD,2026-03-01T12:30:00+00:00,2026-03-01T12:40:00+00:00,SELL,0.11455918037498189,66293.6,66384.85357142858,-10.453934349147627,2080.3329354803777,stop_loss
BTCUSD,2026-03-02T07:00:00+00:00,2026-03-02T08:50:00+00:00,SELL,0.06513252772324407,65981.9,66141.59999999999,-10.40166467740189,2069.9312708029756,stop_loss
BTCUSD,2026-03-02T09:10:00+00:00,2026-03-02T09:55:00+00:00,BUY,0.05702290002212054,66401.0,66219.5,-10.34965635401488,2059.581614448961,stop_loss
BTCUSD,2026-03-03T08:25:00+00:00,2026-03-03T08:40:00+00:00,SELL,0.07906913813114823,67748.45,67357.73214285714,30.893724216734416,2090.4753386656953,take_profit
BTCUSD,2026-03-03T08:40:00+00:00,2026-03-03T09:05:00+00:00,SELL,0.06955664688021458,67338.8,66887.98571428572,31.35713007998442,2121.8324687456798,take_profit
BTCUSD,2026-03-04T07:25:00+00:00,2026-03-04T07:45:00+00:00,BUY,0.0693603590231643,68768.35,69227.22142857144,31.827487031187214,2153.659955776867,take_profit
BTCUSD,2026-03-04T07:45:00+00:00,2026-03-04T08:20:00+00:00,BUY,0.06076428734557724,69437.1,69259.88571428572,-10.768299778884334,2142.8916559979825,stop_loss
BTCUSD,2026-03-05T07:50:00+00:00,2026-03-05T07:55:00+00:00,SELL,0.07712206474028267,71825.8,71964.72857142858,-10.714458279989913,2132.1771977179924,stop_loss
BTCUSD,2026-03-05T10:20:00+00:00,2026-03-05T10:30:00+00:00,BUY,0.06291861975012689,72952.8,73461.11785714286,31.9826579657708,2164.159855683763,take_profit
BTCUSD,2026-03-06T09:30:00+00:00,2026-03-06T09:40:00+00:00,SELL,0.08669519852230112,70332.95,70457.76428571428,-10.820799278418816,2153.3390564053443,stop_loss
BTCUSD,2026-03-06T11:45:00+00:00,2026-03-06T12:05:00+00:00,SELL,0.10280571132749891,70314.75,70000.5642857143,32.300085846080165,2185.6391422514243,take_profit
BTCUSD,2026-03-07T08:00:00+00:00,2026-03-07T08:15:00+00:00,SELL,0.13289445381767281,67803.2,67885.43214285714,-10.928195711257121,2174.7109465401672,stop_loss
BTCUSD,2026-03-07T13:35:00+00:00,2026-03-07T14:10:00+00:00,SELL,0.1587711371066202,67889.95,67684.49285714285,32.620664198107136,2207.3316107382743,take_profit
BTCUSD,2026-03-08T08:40:00+00:00,2026-03-08T09:10:00+00:00,BUY,0.14823544179179166,67489.8,67713.16071428572,33.10997416107411,2240.4415848993485,take_profit
BTCUSD,2026-03-08T09:10:00+00:00,2026-03-08T10:20:00+00:00,BUY,0.11466343333426753,67765.8,68058.8892857143,33.606623773488565,2274.048208672837,take_profit
BTCUSD,2026-03-09T07:15:00+00:00,2026-03-09T07:20:00+00:00,SELL,0.08453710812910174,66993.25,67127.75,-11.370241043364185,2262.6779676294727,stop_loss
BTCUSD,2026-03-09T08:20:00+00:00,2026-03-09T09:30:00+00:00,BUY,0.06775354311248931,67705.1,68206.03571428571,33.94016951444209,2296.6181371439147,take_profit
BTCUSD,2026-03-10T08:05:00+00:00,2026-03-10T08:50:00+00:00,BUY,0.06040098797718494,70922.35,70732.23571428572,-11.483090685719574,2285.135046458195,stop_loss
BTCUSD,2026-03-10T09:20:00+00:00,2026-03-10T09:45:00+00:00,BUY,0.06887678834484673,71180.85,71014.96428571429,-11.425675232290974,2273.7093712259043,stop_loss
BTCUSD,2026-03-11T08:25:00+00:00,2026-03-11T08:30:00+00:00,SELL,0.11520785811496442,69513.1,69611.77857142857,-11.368546856129521,2262.340824369775,stop_loss
BTCUSD,2026-03-11T11:50:00+00:00,2026-03-11T12:05:00+00:00,SELL,0.11423903170848518,69339.2,69042.14642857142,33.935112365548285,2296.2759367353233,take_profit
BTCUSD,2026-03-12T08:15:00+00:00,2026-03-12T08:25:00+00:00,BUY,0.09628856475363158,70018.95,69899.71071428571,-11.481379683676616,2284.7945570516467,stop_loss
BTCUSD,2026-03-12T09:40:00+00:00,2026-03-12T09:45:00+00:00,BUY,0.08917762914696224,70285.95,70157.84642857143,-11.423972785258234,2273.3705842663885,stop_loss
BTCUSD,2026-03-13T08:30:00+00:00,2026-03-13T08:35:00+00:00,BUY,0.09714962357598354,71716.85,72067.86071428572,34.100558763994414,2307.471143030383,take_profit
BTCUSD,2026-03-13T08:35:00+00:00,2026-03-13T08:45:00+00:00,BUY,0.08119996984321748,72050.05,71907.96428571429,-11.537355715151914,2295.933787315231,stop_loss
BTCUSD,2026-03-14T07:00:00+00:00,2026-03-14T11:00:00+00:00,SELL,0.1100450991900201,70678.2,70655.8,2.4650102218558096,2298.3987975370865,max_hold
BTCUSD,2026-03-14T14:40:00+00:00,2026-03-14T15:00:00+00:00,SELL,0.16438101233982697,70615.65,70685.5607142857,-11.491993987685435,2286.906803549401,stop_loss
BTCUSD,2026-03-15T08:55:00+00:00,2026-03-15T09:20:00+00:00,BUY,0.17152413612820644,71723.95,71923.94285714286,34.303602053241015,2321.210405602642,take_profit
BTCUSD,2026-03-15T09:20:00+00:00,2026-03-15T09:25:00+00:00,BUY,0.14303233133115237,71936.0,71854.85714285714,-11.60605202801321,2309.6043535746285,stop_loss
BTCUSD,2026-03-16T10:50:00+00:00,2026-03-16T12:30:00+00:00,BUY,0.09925244321334392,73575.75,73924.8,34.644065303617985,2344.2484188782464,take_profit
BTCUSD,2026-03-16T12:30:00+00:00,2026-03-16T12:40:00+00:00,BUY,0.07954308740740423,73915.15,73767.79285714285,-11.721242094391233,2332.5271767838553,stop_loss
BTCUSD,2026-03-17T09:50:00+00:00,2026-03-17T10:05:00+00:00,SELL,0.09266829499978671,73982.75,73605.18928571428,34.98790765175918,2367.5150844356144,take_profit
BTCUSD,2026-03-17T10:05:00+00:00,2026-03-17T10:25:00+00:00,SELL,0.0833925707796993,73671.9,73813.84999999999,-11.837575422178073,2355.6775090134365,stop_loss
BTCUSD,2026-03-18T07:30:00+00:00,2026-03-18T07:50:00+00:00,SELL,0.14765831710852462,73780.8,73860.56785714286,-11.778387545067183,2343.8991214683692,stop_loss
BTCUSD,2026-03-18T09:10:00+00:00,2026-03-18T10:30:00+00:00,BUY,0.1575276640610422,74185.95,74111.55357142857,-11.719495607341846,2332.1796258610275,stop_loss
BTCUSD,2026-03-19T07:00:00+00:00,2026-03-19T07:10:00+00:00,SELL,0.09913923228897749,70449.65,70096.78571428571,34.982694387912524,2367.16232024894,take_profit
BTCUSD,2026-03-19T07:10:00+00:00,2026-03-19T07:20:00+00:00,SELL,0.08068627196329996,70004.75,69564.68214285714,35.50743480373527,2402.669755052675,take_profit
BTCUSD,2026-03-20T07:35:00+00:00,2026-03-20T08:05:00+00:00,BUY,0.09426723249373276,70742.05,71124.36785714286,36.0400463257915,2438.7098013784666,take_profit
BTCUSD,2026-03-20T08:05:00+00:00,2026-03-20T09:00:00+00:00,BUY,0.08204829669157675,71153.45,71004.83571428571,-12.193549006892333,2426.5162523715744,stop_loss
BTCUSD,2026-03-21T07:25:00+00:00,2026-03-21T07:30:00+00:00,BUY,0.22986147596724293,70863.3,70810.51785714286,-12.132581261857872,2414.3836711097165,stop_loss
BTCUSD,2026-03-21T12:00:00+00:00,2026-03-21T12:05:00+00:00,BUY,0.4776903815083604,70705.4,70680.12857142856,-12.071918355548583,2402.311752754168,stop_loss
BTCUSD,2026-03-22T07:35:00+00:00,2026-03-22T07:50:00+00:00,SELL,0.21353882246703718,69003.65,69059.9,-12.011558763770841,2390.300193990397,stop_loss
BTCUSD,2026-03-22T07:55:00+00:00,2026-03-22T08:25:00+00:00,SELL,0.1545690656621841,68904.15,68672.1857142857,35.8545029098537,2426.1546969002507,take_profit
BTCUSD,2026-03-23T07:00:00+00:00,2026-03-23T07:05:00+00:00,SELL,0.06471224995542736,67647.55,67835.00714285714,-12.130773484501253,2414.0239234157493,stop_loss
BTCUSD,2026-03-23T11:05:00+00:00,2026-03-23T11:10:00+00:00,BUY,0.03961591246960636,71198.8,70894.12142857144,-12.070119617078747,2401.9538037986704,stop_loss
BTCUSD,2026-03-24T07:00:00+00:00,2026-03-24T07:05:00+00:00,BUY,0.157601130679947,70551.55,70780.16071428571,36.02930705697777,2437.983110855648,take_profit
BTCUSD,2026-03-24T07:05:00+00:00,2026-03-24T07:55:00+00:00,BUY,0.1358424084692421,70785.1,71054.30714285714,36.56974666283671,2474.552857518485,take_profit
BTCUSD,2026-03-25T08:30:00+00:00,2026-03-25T08:35:00+00:00,BUY,0.09034747686858055,71468.7,71331.75357142856,-12.372764287592425,2462.1800932308925,stop_loss
BTCUSD,2026-03-25T10:45:00+00:00,2026-03-25T11:25:00+00:00,BUY,0.12028656630223804,71525.75,71832.78928571429,36.93270139846339,2499.112794629356,take_profit
BTCUSD,2026-03-26T09:30:00+00:00,2026-03-26T09:55:00+00:00,SELL,0.09326787813507174,69434.6,69568.57500000001,-12.49556397314678,2486.617230656209,stop_loss
BTCUSD,2026-03-26T11:20:00+00:00,2026-03-26T11:40:00+00:00,SELL,0.13307075887461195,69328.65,69422.08214285714,-12.433086153281044,2474.1841445029277,stop_loss
BTCUSD,2026-03-27T07:55:00+00:00,2026-03-27T08:30:00+00:00,SELL,0.11973652052625638,68482.35,68172.39642857143,37.11276216754391,2511.296906670472,take_profit
BTCUSD,2026-03-27T08:30:00+00:00,2026-03-27T08:35:00+00:00,SELL,0.1146112814362592,68182.95,67854.27857142857,37.66945360005708,2548.966360270529,take_profit
BTCUSD,2026-03-28T07:55:00+00:00,2026-03-28T08:00:00+00:00,BUY,0.3145485151501916,66505.45,66464.93214285714,-12.744831801352646,2536.2215284691765,stop_loss
BTCUSD,2026-03-28T09:00:00+00:00,2026-03-28T10:20:00+00:00,SELL,0.27156482905211266,66319.55,66179.46071428571,38.0433229270337,2574.2648513962104,take_profit
BTCUSD,2026-03-29T09:30:00+00:00,2026-03-29T09:40:00+00:00,SELL,0.24880709644146012,66502.1,66553.83214285715,-12.871324256981053,2561.3935271392293,stop_loss
BTCUSD,2026-03-29T10:05:00+00:00,2026-03-29T11:00:00+00:00,SELL,0.2240519174005112,66480.95,66538.1107142857,-12.806967635696147,2548.586559503533,stop_loss
BTCUSD,2026-03-30T07:55:00+00:00,2026-03-30T08:35:00+00:00,BUY,0.12848011174624524,67560.3,67857.84642857143,38.228798392553,2586.815357896086,take_profit
BTCUSD,2026-03-30T11:25:00+00:00,2026-03-30T11:30:00+00:00,BUY,0.17464153450616274,67627.1,67553.03928571429,-12.93407678948043,2573.8812811066055,stop_loss
BTCUSD,2026-03-31T07:10:00+00:00,2026-03-31T07:45:00+00:00,SELL,0.1476454066028516,67239.15,67326.31428571428,-12.869406405533029,2561.0118747010724,stop_loss
BTCUSD,2026-03-31T08:35:00+00:00,2026-03-31T08:45:00+00:00,SELL,0.11394211791977693,66982.3,66645.15357142857,38.415178120517744,2599.42705282159,take_profit
BTCUSD,2026-04-01T11:50:00+00:00,2026-04-01T12:00:00+00:00,BUY,0.11750211377429709,68692.65,68603.31428571428,-10.497135264107952,2088.9299175574824,stop_loss
BTCUSD,2026-04-01T13:40:00+00:00,2026-04-01T14:15:00+00:00,SELL,0.04838205811104791,68084.8,68300.67857142858,-10.444649587787412,2078.485267969695,stop_loss
BTCUSD,2026-04-02T08:40:00+00:00,2026-04-02T10:10:00+00:00,SELL,0.13662046927825444,66499.0,66270.79642857143,31.177279019545427,2109.6625469892406,take_profit
BTCUSD,2026-04-02T10:10:00+00:00,2026-04-02T10:20:00+00:00,SELL,0.12033112918252503,66243.85,66331.51071428572,-10.548312734946203,2099.1142342542944,stop_loss
BTCUSD,2026-04-03T07:05:00+00:00,2026-04-03T07:10:00+00:00,BUY,0.136947664287979,66882.3,66805.66071428571,-10.495571171271473,2088.618663083023,stop_loss
BTCUSD,2026-04-03T07:25:00+00:00,2026-04-03T07:35:00+00:00,BUY,0.13368381695771464,66937.4,67171.75357142858,31.329279946245347,2119.947943029268,take_profit
BTCUSD,2026-04-04T07:00:00+00:00,2026-04-04T07:20:00+00:00,BUY,0.3315749212646729,66998.2,66966.23214285713,-10.59973971514634,2109.3482033141217,stop_loss
BTCUSD,2026-04-04T10:35:00+00:00,2026-04-04T10:45:00+00:00,BUY,0.49022036597589647,67000.95,67065.49285714286,31.640223049704694,2140.9884263638264,take_profit
BTCUSD,2026-04-05T12:00:00+00:00,2026-04-05T12:30:00+00:00,SELL,0.34275400765113295,66915.4,66821.70357142857,32.11482639545241,2173.103252759279,take_profit
BTCUSD,2026-04-05T12:30:00+00:00,2026-04-05T13:00:00+00:00,SELL,0.28269323117103035,66749.9,66788.33571428571,-10.865516263796396,2162.2377364954823,stop_loss
BTCUSD,2026-04-06T08:30:00+00:00,2026-04-06T09:10:00+00:00,BUY,0.12414931842242162,69240.45,69501.69642857142,32.43356604743404,2194.6713025429162,take_profit
BTCUSD,2026-04-06T09:10:00+00:00,2026-04-06T09:15:00+00:00,BUY,0.11870879819032704,69633.7,69911.01785714286,32.92006953814547,2227.5913720810618,take_profit
BTCUSD,2026-04-07T09:05:00+00:00,2026-04-07T09:10:00+00:00,BUY,0.1099308372136297,69208.45,69107.13214285714,-11.137956860405309,2216.4534152206566,stop_loss
BTCUSD,2026-04-07T10:25:00+00:00,2026-04-07T10:45:00+00:00,SELL,0.10235633926998364,68736.2,68411.3857142857,33.24680122830985,2249.7002164489663,take_profit
BTCUSD,2026-04-08T12:10:00+00:00,2026-04-08T12:20:00+00:00,BUY,0.12379939086625108,71841.05,71750.18928571428,-11.248501082244832,2238.4517153667216,stop_loss
BTCUSD,2026-04-08T12:35:00+00:00,2026-04-08T13:05:00+00:00,BUY,0.09854508982464358,71927.25,72267.975,33.576775730502256,2272.0284910972237,take_profit
BTCUSD,2026-04-09T08:40:00+00:00,2026-04-09T08:45:00+00:00,BUY,0.1428692008415303,71338.6,71259.08571428571,-11.360142455486118,2260.6683486417373,stop_loss
BTCUSD,2026-04-09T09:15:00+00:00,2026-04-09T09:25:00+00:00,BUY,0.10659938322999517,71387.4,71281.36428571428,-11.303341743208687,2249.3650068985285,stop_loss
BTCUSD,2026-04-10T07:00:00+00:00,2026-04-10T07:50:00+00:00,SELL,0.15145053670263403,71791.7,71568.91785714285,33.74047510347793,2283.1054820020063,take_profit
BTCUSD,2026-04-10T07:50:00+00:00,2026-04-10T08:05:00+00:00,SELL,0.15655324850871907,71454.5,71527.41785714286,-11.415527410010032,2271.6899545919964,stop_loss
BTCUSD,2026-04-11T12:00:00+00:00,2026-04-11T12:10:00+00:00,BUY,0.45629353463831573,72956.9,72932.00714285714,-11.358449772959982,2260.3315048190366,stop_loss
BTCUSD,2026-04-11T12:40:00+00:00,2026-04-11T13:00:00+00:00,BUY,0.30571578656623305,72995.05,72958.08214285715,-11.301657524095184,2249.029847294941,stop_loss
BTCUSD,2026-04-12T09:00:00+00:00,2026-04-12T09:20:00+00:00,SELL,0.24989220525499348,71600.5,71645.5,-11.245149236474706,2237.7846980584663,stop_loss
BTCUSD,2026-04-12T09:45:00+00:00,2026-04-12T10:05:00+00:00,SELL,0.267129824120202,71559.95,71601.83571428571,-11.188923490292332,2226.595774568174,stop_loss
BTCUSD,2026-04-13T08:15:00+00:00,2026-04-13T08:25:00+00:00,SELL,0.14457743538774753,70697.05,70774.05357142858,-11.13297887284087,2215.462795695333,stop_loss
BTCUSD,2026-04-13T08:40:00+00:00,2026-04-13T08:55:00+00:00,SELL,0.1463800988236041,70617.05,70692.725,-11.077313978476665,2204.3854817168567,stop_loss
BTCUSD,2026-04-14T07:00:00+00:00,2026-04-14T07:05:00+00:00,BUY,0.15676028213559196,74624.6,74835.53214285715,33.065782225750574,2237.451263942607,take_profit
BTCUSD,2026-04-14T07:05:00+00:00,2026-04-14T07:10:00+00:00,BUY,0.12357220282928232,74949.6,74859.06785714286,-11.187256319713036,2226.264007622894,stop_loss
BTCUSD,2026-04-15T07:05:00+00:00,2026-04-15T07:10:00+00:00,SELL,0.17078189647515912,73889.5,73954.67857142858,-11.13132003811447,2215.1326875847794,stop_loss
BTCUSD,2026-04-15T07:15:00+00:00,2026-04-15T07:50:00+00:00,SELL,0.12960488810675377,73677.65,73763.10714285714,-11.075663437923897,2204.0570241468554,stop_loss
BTCUSD,2026-04-16T08:05:00+00:00,2026-04-16T08:15:00+00:00,SELL,0.1391512890104136,74557.3,74636.49642857142,-11.020285120734277,2193.0367390261213,stop_loss
BTCUSD,2026-04-16T10:10:00+00:00,2026-04-16T10:25:00+00:00,SELL,0.12866158633182584,74442.1,74527.32500000001,-10.965183695130605,2182.0715553309906,stop_loss
BTCUSD,2026-04-17T07:00:00+00:00,2026-04-17T08:30:00+00:00,BUY,0.16681593280529713,75013.6,75209.81071428572,32.73107332996486,2214.8026286609556,take_profit
BTCUSD,2026-04-17T08:30:00+00:00,2026-04-17T08:35:00+00:00,BUY,0.1269591647269233,75377.4,75290.175,-11.074013143304777,2203.7286155176507,stop_loss
BTCUSD,2026-04-18T08:10:00+00:00,2026-04-18T08:30:00+00:00,SELL,0.19377088693159158,76839.25,76668.65714285715,33.05592923276476,2236.7845447504155,take_profit
BTCUSD,2026-04-18T08:30:00+00:00,2026-04-18T08:50:00+00:00,SELL,0.12215237800946366,76635.05,76726.60714285714,-11.183922723752078,2225.6006220266636,stop_loss
BTCUSD,2026-04-19T07:05:00+00:00,2026-04-19T07:20:00+00:00,SELL,0.1779158836771229,75273.9,75086.2607142857,33.38400933040255,2258.984631357066,take_profit
BTCUSD,2026-04-19T07:20:00+00:00,2026-04-19T07:30:00+00:00,SELL,0.15142097500239893,75043.5,75118.09285714285,-11.29492315678533,2247.6897082002806,stop_loss
BTCUSD,2026-04-20T07:15:00+00:00,2026-04-20T07:20:00+00:00,BUY,0.09104697620162744,74937.85,75308.15714285715,33.71534562300686,2281.4050538232873,take_profit
BTCUSD,2026-04-20T07:20:00+00:00,2026-04-20T07:25:00+00:00,BUY,0.06928495358582068,75408.05,75243.41071428572,-11.407025269116437,2269.998028554171,stop_loss
BTCUSD,2026-04-21T07:20:00+00:00,2026-04-21T07:30:00+00:00,BUY,0.12321161710447448,76158.55,76066.43214285714,-11.349990142770855,2258.6480384114,stop_loss
BTCUSD,2026-04-21T08:20:00+00:00,2026-04-21T08:45:00+00:00,BUY,0.09427587888780678,76361.6,76720.96785714287,33.879720576171,2292.5277589875714,take_profit
BTCUSD,2026-04-22T11:00:00+00:00,2026-04-22T11:05:00+00:00,BUY,0.15221905916921347,78243.2,78167.89642857143,-11.462638794937858,2281.0651201926335,stop_loss
BTCUSD,2026-04-22T11:25:00+00:00,2026-04-22T11:35:00+00:00,BUY,0.13567385369487045,78336.95,78252.88571428572,-11.405325600963167,2269.65979459167,stop_loss
BTCUSD,2026-04-23T08:30:00+00:00,2026-04-23T09:05:00+00:00,SELL,0.11643546033082457,77889.3,77596.90714285713,34.04489691887505,2303.704691510545,take_profit
BTCUSD,2026-04-23T09:05:00+00:00,2026-04-23T09:15:00+00:00,SELL,0.09932819735493217,77564.6,77680.5642857143,-11.518523457552726,2292.1861680529923,stop_loss
BTCUSD,2026-04-24T09:05:00+00:00,2026-04-24T09:15:00+00:00,SELL,0.10020173094592012,77465.95,77580.32857142857,-11.460930840264963,2280.7252372127273,stop_loss
BTCUSD,2026-04-24T11:00:00+00:00,2026-04-24T11:05:00+00:00,BUY,0.13842351983777532,77975.85,78222.99642857144,34.210878558192924,2314.9361157709204,take_profit
BTCUSD,2026-04-25T07:00:00+00:00,2026-04-25T07:15:00+00:00,SELL,0.32247866289348026,77481.75,77517.64285714286,-11.574680578854604,2303.361435192066,stop_loss
BTCUSD,2026-04-25T09:35:00+00:00,2026-04-25T10:25:00+00:00,BUY,0.3600207669162733,77750.85,77846.81785714286,34.55042152788099,2337.911856719947,take_profit
BTCUSD,2026-04-26T07:50:00+00:00,2026-04-26T08:35:00+00:00,BUY,0.30741773263909333,78079.8,78193.875,35.068677850803674,2372.980534570751,take_profit
BTCUSD,2026-04-26T08:35:00+00:00,2026-04-26T08:40:00+00:00,BUY,0.2967020405822265,78167.25,78127.26071428572,-11.864902672853757,2361.1156318978974,stop_loss
BTCUSD,2026-04-27T12:35:00+00:00,2026-04-27T12:40:00+00:00,SELL,0.19724099795078703,77664.4,77724.25357142856,-11.805578159489487,2349.310053738408,stop_loss
BTCUSD,2026-04-27T14:45:00+00:00,2026-04-27T14:50:00+00:00,BUY,0.07971676665052099,78222.4,78075.04642857143,-11.74655026869204,2337.563503469716,stop_loss
BTCUSD,2026-04-28T07:10:00+00:00,2026-04-28T07:20:00+00:00,SELL,0.13966323424621985,76556.7,76640.38571428572,-11.687817517348579,2325.8756859523673,stop_loss
BTCUSD,2026-04-28T09:45:00+00:00,2026-04-28T10:00:00+00:00,SELL,0.17205949592248954,76580.5,76648.08928571429,-11.629378429761838,2314.2463075226055,stop_loss
BTCUSD,2026-04-29T09:30:00+00:00,2026-04-29T09:45:00+00:00,BUY,0.21895957494976162,77215.75,77374.28928571429,34.713694612839085,2348.9600021354445,take_profit
BTCUSD,2026-04-29T09:45:00+00:00,2026-04-29T10:25:00+00:00,BUY,0.15236026700285746,77644.0,77875.25714285714,35.234400032031665,2384.1944021674763,take_profit
BTCUSD,2026-04-30T09:25:00+00:00,2026-04-30T09:40:00+00:00,BUY,0.17335093030561244,76174.5,76105.73214285714,-11.920972010837382,2372.273430156639,stop_loss
BTCUSD,2026-04-30T10:25:00+00:00,2026-04-30T10:30:00+00:00,SELL,0.1416282644869635,75962.55,76046.3,-11.861367150783193,2360.4120630058555,stop_loss
BTCUSD,2026-05-01T08:10:00+00:00,2026-05-01T08:20:00+00:00,BUY,0.17912927624718747,77238.1,77435.75714285715,35.40618094508783,2395.8182439509433,take_profit
BTCUSD,2026-05-01T08:20:00+00:00,2026-05-01T08:35:00+00:00,BUY,0.15362029593896967,77467.65,77389.67142857143,-11.979091219754716,2383.8391527311887,stop_loss
BTCUSD,2026-05-02T11:10:00+00:00,2026-05-02T11:20:00+00:00,SELL,0.49260144853473126,78173.1,78197.29642857144,-11.919195763655944,2371.919956967533,stop_loss
BTCUSD,2026-05-02T11:35:00+00:00,2026-05-02T12:25:00+00:00,SELL,0.4232871816131029,78163.55,78191.56785714286,-11.859599784837664,2360.060357182695,stop_loss
BTCUSD,2026-05-03T07:00:00+00:00,2026-05-03T09:25:00+00:00,BUY,0.25934729199809836,78355.1,78491.60000000002,35.4009053577442,2395.4612625404393,take_profit
BTCUSD,2026-05-03T09:25:00+00:00,2026-05-03T09:30:00+00:00,BUY,0.3483945322623631,78497.6,78463.22142857144,-11.977306312702197,2383.483956227737,stop_loss
BTCUSD,2026-05-04T09:50:00+00:00,2026-05-04T09:55:00+00:00,BUY,0.1551963880153843,79905.2,79828.41071428571,-11.917419781138685,2371.5665364465985,stop_loss
BTCUSD,2026-05-04T10:05:00+00:00,2026-05-04T10:20:00+00:00,SELL,0.07470173133747438,78817.75,78341.54285714286,35.57349804670007,2407.1400344932986,take_profit
BTCUSD,2026-05-05T11:05:00+00:00,2026-05-05T11:35:00+00:00,BUY,0.20020174943803293,80847.95,81028.30357142857,36.10710051739657,2443.2471350106953,take_profit
BTCUSD,2026-05-05T11:35:00+00:00,2026-05-05T11:50:00+00:00,BUY,0.14736110585107762,81029.7,80946.8,-12.216235675053477,2431.0308993356416,stop_loss
BTCUSD,2026-05-06T07:05:00+00:00,2026-05-06T07:10:00+00:00,BUY,0.16572251346690747,81557.35,81484.00357142858,-12.155154496678207,2418.8757448389633,stop_loss
BTCUSD,2026-05-06T08:30:00+00:00,2026-05-06T08:35:00+00:00,BUY,0.13085108356934996,81724.2,81631.77142857143,-12.094378724194817,2406.7813661147684,stop_loss
BTCUSD,2026-05-07T07:10:00+00:00,2026-05-07T07:30:00+00:00,BUY,0.11587777400648212,81659.1,81555.25,-12.033906830573843,2394.7474592841945,stop_loss
BTCUSD,2026-05-07T08:40:00+00:00,2026-05-07T09:25:00+00:00,SELL,0.1363363199137076,81260.25,80996.775,35.9212118892649,2430.6686711734596,take_profit
BTCUSD,2026-05-08T07:00:00+00:00,2026-05-08T07:35:00+00:00,SELL,0.15361755776647323,79426.9,79506.01428571428,-12.153343355867298,2418.515327817592,stop_loss
BTCUSD,2026-05-08T10:35:00+00:00,2026-05-08T11:00:00+00:00,BUY,0.1537029124764857,80053.0,80289.025,36.277729917261645,2454.793057734854,take_profit
BTCUSD,2026-05-09T10:05:00+00:00,2026-05-09T10:15:00+00:00,SELL,0.316077465357132,80175.4,80214.23214285714,-12.273965288674269,2442.5190924461795,stop_loss
BTCUSD,2026-05-09T12:20:00+00:00,2026-05-09T12:30:00+00:00,BUY,0.3928232888482704,80388.6,80357.51071428572,-12.212595462230897,2430.3064969839484,stop_loss
BTCUSD,2026-05-10T08:20:00+00:00,2026-05-10T09:35:00+00:00,BUY,0.37422229386026,80817.85,80785.37857142858,-12.151532484919741,2418.1549644990287,stop_loss
BTCUSD,2026-05-10T11:00:00+00:00,2026-05-10T11:05:00+00:00,BUY,0.22825087313232292,80931.0,80878.02857142857,-12.090774822495144,2406.0641896765337,stop_loss
BTCUSD,2026-05-11T07:00:00+00:00,2026-05-11T07:15:00+00:00,SELL,0.15671039151185104,80734.05,80810.81785714286,-12.030320948382668,2394.033868728151,stop_loss
BTCUSD,2026-05-11T08:05:00+00:00,2026-05-11T08:10:00+00:00,SELL,0.1651057840502173,80646.4,80718.9,-11.970169343640755,2382.06369938451,stop_loss
BTCUSD,2026-05-12T07:00:00+00:00,2026-05-12T07:05:00+00:00,SELL,0.1938663631634732,80901.1,80962.53571428572,-11.910318496922551,2370.1533808875874,stop_loss
BTCUSD,2026-05-12T07:45:00+00:00,2026-05-12T11:05:00+00:00,SELL,0.12707137185472997,80855.05,80575.26785714286,35.55230071331382,2405.7056816009012,take_profit
BTCUSD,2026-05-13T08:40:00+00:00,2026-05-13T10:25:00+00:00,BUY,0.19503086190521182,81127.7,81066.025,-12.028528408004506,2393.6771531928966,stop_loss
BTCUSD,2026-05-13T10:40:00+00:00,2026-05-13T11:05:00+00:00,SELL,0.1855358218619339,80822.1,80628.57857142857,35.90515729789615,2429.5823104907927,take_profit
BTCUSD,2026-05-14T08:00:00+00:00,2026-05-14T08:05:00+00:00,SELL,0.1696128071550497,79634.25,79705.87142857142,-12.147911552453964,2417.4343989383387,stop_loss
BTCUSD,2026-05-14T09:35:00+00:00,2026-05-14T10:00:00+00:00,SELL,0.16922040792569848,79585.15,79656.57857142856,-12.087171994691694,2405.347226943647,stop_loss
BTCUSD,2026-05-15T07:20:00+00:00,2026-05-15T07:30:00+00:00,BUY,0.11849418057360515,80898.45,80796.95357142857,-12.026736134718234,2393.3204908089288,stop_loss
BTCUSD,2026-05-15T09:50:00+00:00,2026-05-15T09:55:00+00:00,SELL,0.1417783898418532,80389.8,80474.20357142857,-11.966602454044644,2381.353888354884,stop_loss
BTCUSD,2026-05-16T07:00:00+00:00,2026-05-16T07:10:00+00:00,SELL,0.13842206533929494,78614.1,78356.04642857144,35.720308325323266,2417.0741966802075,take_profit
BTCUSD,2026-05-16T07:10:00+00:00,2026-05-16T07:20:00+00:00,SELL,0.10307038699254165,78217.15,78334.40357142857,-12.085370983401038,2404.9888256968065,stop_loss
