instrument,action,size,entry_price,stop_loss,take_profit,entry_time,exit_price,exit_time,pnl,exit_reason
EURJPY,BUY,1.0,182.686,182.7185,182.81900000000002,2026-02-23T07:00:00+00:00,182.7185,2026-02-23T07:31:00+00:00,0.03249999999999886,trailing_stop
EURJPY,BUY,1.0,183.5745,183.6045,183.88549999999998,2026-02-24T07:24:00+00:00,183.6045,2026-02-24T07:35:00+00:00,0.030000000000001137,trailing_stop
EURJPY,BUY,1.0,183.676,183.72950000000003,183.95699999999997,2026-02-24T07:30:00+00:00,183.72950000000003,2026-02-24T07:50:00+00:00,0.05350000000004229,trailing_stop
EURJPY,BUY,1.0,183.4555,183.73899999999998,183.9785,2026-02-24T07:17:00+00:00,183.9785,2026-02-24T08:21:00+00:00,0.5229999999999961,take_profit
EURJPY,BUY,1.0,184.214,184.34449999999998,184.367,2026-02-27T07:27:00+00:00,184.34449999999998,2026-02-27T07:45:00+00:00,0.13049999999998363,trailing_stop
EURJPY,SELL,1.0,183.881,183.86675000000002,183.6495,2026-03-02T07:42:00+00:00,183.86675000000002,2026-03-02T07:55:00+00:00,0.014249999999975671,trailing_stop
EURJPY,SELL,1.0,183.8005,183.98999999999998,183.61100000000002,2026-03-02T07:48:00+00:00,183.98999999999998,2026-03-02T08:01:00+00:00,-0.18949999999998113,trailing_stop
EURJPY,SELL,1.0,183.868,184.1125,183.62349999999998,2026-03-02T07:43:00+00:00,184.1125,2026-03-02T08:10:00+00:00,-0.24450000000001637,trailing_stop
EURJPY,SELL,1.0,183.313,183.2765,183.081,2026-03-03T07:07:00+00:00,183.2765,2026-03-03T07:59:00+00:00,0.03649999999998954,trailing_stop
EURJPY,SELL,1.0,183.316,183.275,183.08700000000002,2026-03-03T07:35:00+00:00,183.275,2026-03-03T07:59:00+00:00,0.04099999999999682,trailing_stop
EURJPY,SELL,1.0,183.2375,183.22274999999996,182.93000000000004,2026-03-03T07:08:00+00:00,183.22274999999996,2026-03-03T08:20:00+00:00,0.014750000000049113,trailing_stop
EURJPY,BUY,1.0,183.388,183.4185,183.542,2026-03-10T07:50:00+00:00,183.4185,2026-03-10T08:20:00+00:00,0.030499999999989313,trailing_stop
EURJPY,BUY,1.0,183.4425,183.56125000000003,183.65099999999998,2026-03-10T07:51:00+00:00,183.65099999999998,2026-03-10T08:42:00+00:00,0.20849999999998658,take_profit
EURJPY,SELL,1.0,183.032,183.00349999999997,182.89600000000004,2026-03-13T07:00:00+00:00,183.00349999999997,2026-03-13T07:18:00+00:00,0.028500000000036607,trailing_stop
EURJPY,SELL,1.0,182.982,182.89175,182.80650000000003,2026-03-13T07:02:00+00:00,182.80650000000003,2026-03-13T07:42:00+00:00,0.17549999999997112,take_profit
EURJPY,SELL,1.0,182.94799999999998,182.85375,182.76049999999998,2026-03-13T07:06:00+00:00,182.76049999999998,2026-03-13T07:44:00+00:00,0.1875,take_profit
EURJPY,SELL,1.0,183.0475,183.2305,182.86450000000002,2026-03-18T07:46:00+00:00,183.2305,2026-03-18T08:34:00+00:00,-0.18299999999999272,trailing_stop
EURJPY,SELL,1.0,183.07850000000002,183.26549999999997,182.89150000000006,2026-03-18T07:44:00+00:00,183.26549999999997,2026-03-18T08:44:00+00:00,-0.18699999999995498,trailing_stop
EURJPY,SELL,1.0,182.70350000000002,182.57074999999998,182.48200000000006,2026-03-19T07:31:00+00:00,182.48200000000006,2026-03-19T07:57:00+00:00,0.2214999999999634,take_profit
EURJPY,SELL,1.0,182.46699999999998,182.257,182.064,2026-03-19T07:57:00+00:00,182.064,2026-03-19T08:13:00+00:00,0.4029999999999916,take_profit
EURJPY,BUY,1.0,183.19400000000002,183.2135,183.31,2026-03-20T07:06:00+00:00,183.2135,2026-03-20T07:32:00+00:00,0.019499999999993634,trailing_stop
EURJPY,BUY,1.0,183.22,183.235,183.36199999999997,2026-03-20T07:07:00+00:00,183.235,2026-03-20T07:48:00+00:00,0.01500000000001478,trailing_stop
EURJPY,BUY,1.0,183.25850000000003,183.33675,183.43900000000002,2026-03-20T07:08:00+00:00,183.33675,2026-03-20T08:59:00+00:00,0.07824999999996862,trailing_stop
EURJPY,BUY,1.0,183.914,183.92925000000002,184.03449999999998,2026-03-24T07:04:00+00:00,183.92925000000002,2026-03-24T07:10:00+00:00,0.01525000000003729,trailing_stop
EURJPY,BUY,1.0,184.536,184.3995,184.6725,2026-03-25T07:52:00+00:00,184.3995,2026-03-25T08:16:00+00:00,-0.13650000000001228,trailing_stop
EURJPY,SELL,1.0,183.74,183.65049999999997,183.56200000000004,2026-03-30T07:17:00+00:00,183.56200000000004,2026-03-30T07:25:00+00:00,0.17799999999996885,take_profit
EURJPY,SELL,1.0,183.6935,183.65224999999998,183.46900000000002,2026-03-30T07:19:00+00:00,183.65224999999998,2026-03-30T07:56:00+00:00,0.04125000000001933,trailing_stop
EURJPY,SELL,1.0,183.6705,183.66375,183.42300000000003,2026-03-30T07:20:00+00:00,183.66375,2026-03-30T07:57:00+00:00,0.006750000000010914,trailing_stop
EURJPY,BUY,1.0,183.837,183.84450000000004,184.18099999999995,2026-04-01T07:58:00+00:00,183.84450000000004,2026-04-01T10:55:00+00:00,0.007500000000050022,trailing_stop
EURJPY,BUY,1.0,184.3005,184.3565,184.4665,2026-04-06T07:36:00+00:00,184.3565,2026-04-06T07:56:00+00:00,0.056000000000011596,trailing_stop
EURJPY,BUY,1.0,184.43849999999998,184.2715,184.60549999999995,2026-04-06T07:53:00+00:00,184.2715,2026-04-06T08:07:00+00:00,-0.16699999999997317,trailing_stop
EURJPY,BUY,1.0,185.37400000000002,185.43975,185.48950000000002,2026-04-09T07:57:00+00:00,185.48950000000002,2026-04-09T08:16:00+00:00,0.11549999999999727,take_profit
EURJPY,BUY,1.0,185.4085,185.48125,185.547,2026-04-09T07:59:00+00:00,185.547,2026-04-09T08:29:00+00:00,0.1384999999999934,take_profit
EURJPY,BUY,1.0,187.5245,187.3805,187.66849999999997,2026-04-30T07:31:00+00:00,187.3805,2026-04-30T07:56:00+00:00,-0.14399999999997704,trailing_stop
EURJPY,BUY,1.0,187.53050000000002,187.395,187.66600000000003,2026-04-30T07:32:00+00:00,187.395,2026-04-30T07:56:00+00:00,-0.1355000000000075,trailing_stop
EURJPY,BUY,1.0,184.86599999999999,184.942,185.01299999999995,2026-05-11T07:15:00+00:00,185.01299999999995,2026-05-11T08:11:00+00:00,0.14699999999996294,take_profit
EURJPY,SELL,1.0,184.813,184.79125,184.7165,2026-05-13T07:13:00+00:00,184.79125,2026-05-13T07:44:00+00:00,0.02174999999999727,trailing_stop
