timestamp,event,symbol,amount,balance,drawdown,note
2025-11-17T19:10:00+00:00,trade_exit,GOLD,-74.99999999999977,4925.0,-75.0,stop_loss
2025-11-17T19:25:00+00:00,trade_exit,GOLD,-73.87499999999942,4851.125000000001,-148.8749999999991,stop_loss
2025-11-17T19:30:00+00:00,trade_exit,GOLD,-72.76687499999798,4778.3581250000025,-221.64187499999753,stop_loss
2025-11-18T12:15:00+00:00,trade_exit,BTCUSD,-71.6753718749977,4706.682753125005,-293.31724687499536,stop_loss
2025-11-18T13:40:00+00:00,trade_exit,BTCUSD,-70.6002412968739,4636.082511828131,-363.9174881718691,stop_loss
2025-11-18T14:15:00+00:00,trade_exit,GOLD,-69.54123767742128,4566.54127415071,-433.4587258492902,stop_loss
2025-11-18T14:30:00+00:00,trade_exit,GOLD,54.79849528980932,4621.339769440519,-378.6602305594806,take_profit
2025-11-18T14:50:00+00:00,trade_exit,GOLD,55.45607723328622,4676.7958466738055,-323.2041533261945,take_profit
2025-11-19T14:10:00+00:00,trade_exit,BTCUSD,-70.15193770010957,4606.643908973696,-393.35609102630406,stop_loss
2025-11-19T14:30:00+00:00,trade_exit,BTCUSD,-69.09965863460434,4537.544250339091,-462.4557496609086,stop_loss
2025-11-19T17:00:00+00:00,trade_exit,GOLD,-68.06316375508692,4469.4810865840045,-530.5189134159955,stop_loss
2025-11-19T17:25:00+00:00,trade_exit,GOLD,53.63377303900878,4523.114859623013,-476.8851403769868,take_profit
2025-11-20T09:50:00+00:00,trade_exit,BTCUSD,-67.84672289434684,4455.268136728666,-544.7318632713341,stop_loss
2025-11-20T13:30:00+00:00,trade_exit,GOLD,53.46321764074212,4508.731354369408,-491.2686456305919,take_profit
2025-11-20T13:50:00+00:00,trade_exit,BTCUSD,-67.63097031554112,4441.100384053867,-558.899615946133,stop_loss
2025-11-20T17:20:00+00:00,trade_exit,GOLD,53.29320460864582,4494.393588662513,-505.60641133748686,take_profit
2025-11-20T20:10:00+00:00,trade_exit,GOLD,53.93272306395093,4548.326311726464,-451.67368827353584,take_profit
2025-11-21T07:30:00+00:00,trade_exit,BTCUSD,204.6746840276897,4753.000995754154,-246.99900424584575,take_profit
2025-11-21T07:35:00+00:00,trade_exit,BTCUSD,-71.29501493631213,4681.705980817842,-318.2940191821581,stop_loss
2025-11-21T14:15:00+00:00,trade_exit,GOLD,56.18047176981506,4737.886452587657,-262.113547412343,take_profit
2025-11-21T16:50:00+00:00,trade_exit,GOLD,-71.06829678881343,4666.818155798844,-333.1818442011563,stop_loss
2025-11-21T17:10:00+00:00,trade_exit,GOLD,56.001817869585935,4722.81997366843,-277.18002633156993,take_profit
2025-11-22T11:05:00+00:00,trade_exit,BTCUSD,-70.8422996050273,4651.977674063402,-348.02232593659755,stop_loss
2025-11-22T14:45:00+00:00,trade_exit,BTCUSD,-69.77966511094792,4582.198008952455,-417.801991047545,stop_loss
2025-11-23T11:00:00+00:00,trade_exit,BTCUSD,-68.73297013428504,4513.46503881817,-486.5349611818301,stop_loss
2025-11-23T13:10:00+00:00,trade_exit,BTCUSD,-67.70197558226957,4445.7630632359005,-554.2369367640995,stop_loss
2025-11-24T09:20:00+00:00,trade_exit,BTCUSD,200.05933784561302,4645.822401081514,-354.1775989184862,take_profit
2025-11-24T11:35:00+00:00,trade_exit,BTCUSD,-69.6873360162235,4576.13506506529,-423.8649349347097,stop_loss
2025-11-24T13:40:00+00:00,trade_exit,GOLD,54.9136207807814,4631.048685846072,-368.95131415392825,take_profit
2025-11-24T18:35:00+00:00,trade_exit,GOLD,-69.46573028769014,4561.582955558381,-438.4170444416186,stop_loss
2025-11-24T18:50:00+00:00,trade_exit,GOLD,-68.4237443333746,4493.159211225006,-506.8407887749936,stop_loss
2025-11-25T07:50:00+00:00,trade_exit,BTCUSD,202.19216450512718,4695.351375730133,-304.64862426986656,take_profit
2025-11-25T08:20:00+00:00,trade_exit,BTCUSD,-70.43027063595311,4624.92110509418,-375.07889490581965,stop_loss
2025-11-25T14:55:00+00:00,trade_exit,GOLD,55.49905326112926,4680.4201583553095,-319.57984164469053,take_profit
2025-11-25T17:30:00+00:00,trade_exit,GOLD,-70.20630237532757,4610.213855979982,-389.7861440200177,stop_loss
2025-11-25T17:35:00+00:00,trade_exit,GOLD,55.32256627175721,4665.536422251739,-334.46357774826083,take_profit
2025-11-26T08:00:00+00:00,trade_exit,BTCUSD,-69.98304633377936,4595.55337591796,-404.4466240820402,stop_loss
2025-11-26T09:20:00+00:00,trade_exit,BTCUSD,206.7999019163121,4802.3532778342715,-197.64672216572853,take_profit
2025-11-26T14:30:00+00:00,trade_exit,GOLD,57.628239334012704,4859.981517168284,-140.01848283171603,take_profit
2025-11-26T18:30:00+00:00,trade_exit,GOLD,58.319778206022555,4918.301295374306,-81.69870462569361,take_profit
2025-11-27T09:15:00+00:00,trade_exit,BTCUSD,221.3235582918407,5139.624853666147,0.0,take_profit
2025-11-27T09:20:00+00:00,trade_exit,BTCUSD,-77.09437280499658,5062.53048086115,-77.09437280499696,stop_loss
2025-11-28T08:10:00+00:00,trade_exit,BTCUSD,-75.93795721291205,4986.592523648238,-153.03233001790886,stop_loss
2025-11-28T11:00:00+00:00,trade_exit,BTCUSD,-74.7988878547226,4911.793635793515,-227.8312178726319,stop_loss
2025-11-28T14:35:00+00:00,trade_exit,GOLD,-73.67690453690406,4838.116731256611,-301.50812240953564,stop_loss
2025-11-28T14:40:00+00:00,trade_exit,GOLD,58.057400775082506,4896.174132031694,-243.45072163445275,take_profit
2025-11-28T15:00:00+00:00,trade_exit,GOLD,58.75408958438354,4954.928221616077,-184.69663205006964,take_profit
2025-11-29T08:05:00+00:00,trade_exit,BTCUSD,-74.32392332424348,4880.604298291833,-259.0205553743135,stop_loss
2025-11-29T10:20:00+00:00,trade_exit,BTCUSD,-73.20906447437883,4807.395233817455,-332.229619848692,stop_loss
2025-11-30T08:20:00+00:00,trade_exit,BTCUSD,216.33278552177936,5023.728019339234,-115.89683432691254,take_profit
2025-11-30T08:25:00+00:00,trade_exit,BTCUSD,-75.35592029009595,4948.372099049138,-191.25275461700858,stop_loss
2025-12-01T11:40:00+00:00,trade_exit,BTCUSD,222.67674445720598,5171.048843506344,0.0,take_profit
2025-12-01T12:05:00+00:00,trade_exit,BTCUSD,232.69719795778025,5403.746041464125,0.0,take_profit
2025-12-01T14:45:00+00:00,trade_exit,GOLD,64.84495249756968,5468.590993961694,0.0,take_profit
2025-12-02T08:40:00+00:00,trade_exit,BTCUSD,-82.02886490942822,5386.562129052266,-82.0288649094282,stop_loss
2025-12-02T10:50:00+00:00,trade_exit,BTCUSD,242.39529580734856,5628.957424859615,0.0,take_profit
2025-12-02T14:40:00+00:00,trade_exit,GOLD,67.54748909831446,5696.504913957929,0.0,take_profit
2025-12-02T15:50:00+00:00,trade_exit,GOLD,-85.44757370937174,5611.057340248557,-85.44757370937168,stop_loss
2025-12-02T16:30:00+00:00,trade_exit,GOLD,67.33268808298108,5678.390028331538,-18.114885626390787,take_profit
2025-12-03T10:00:00+00:00,trade_exit,BTCUSD,-85.17585042497376,5593.214177906564,-103.29073605136455,stop_loss
2025-12-03T10:25:00+00:00,trade_exit,BTCUSD,-83.89821266859536,5509.315965237969,-187.18894871995963,stop_loss
2025-12-03T13:45:00+00:00,trade_exit,GOLD,-82.63973947857116,5426.676225759398,-269.8286881985305,stop_loss
2025-12-03T13:50:00+00:00,trade_exit,GOLD,-81.40014338639405,5345.276082373004,-351.2288315849246,stop_loss
2025-12-03T14:05:00+00:00,trade_exit,GOLD,64.14331298847938,5409.419395361483,-287.0855185964456,take_profit
2025-12-04T08:05:00+00:00,trade_exit,BTCUSD,-81.14129093041964,5328.278104431063,-368.2268095268655,stop_loss
2025-12-04T12:40:00+00:00,trade_exit,BTCUSD,-79.92417156646779,5248.353932864596,-448.15098109333303,stop_loss
2025-12-04T16:35:00+00:00,trade_exit,GOLD,62.980247194379686,5311.334180058975,-385.1707338989536,take_profit
2025-12-05T07:10:00+00:00,trade_exit,BTCUSD,-79.67001270088652,5231.664167358089,-464.8407465998398,stop_loss
2025-12-05T07:40:00+00:00,trade_exit,BTCUSD,-78.47496251037596,5153.189204847713,-543.3157091102157,stop_loss
2025-12-05T13:40:00+00:00,trade_exit,GOLD,61.83827045817457,5215.0274753058875,-481.4774386520412,take_profit
2025-12-05T15:50:00+00:00,trade_exit,GOLD,62.5803297036744,5277.607805009562,-418.8971089483666,take_profit
2025-12-05T16:25:00+00:00,trade_exit,GOLD,63.33129366011389,5340.939098669676,-355.56581528825245,take_profit
2025-12-06T09:10:00+00:00,trade_exit,BTCUSD,-80.11408648003601,5260.82501218964,-435.6799017682888,stop_loss
2025-12-06T14:20:00+00:00,trade_exit,BTCUSD,-78.91237518285052,5181.91263700679,-514.592276951139,stop_loss
2025-12-07T08:10:00+00:00,trade_exit,BTCUSD,233.18606866530175,5415.0987056720915,-281.40620828583724,take_profit
2025-12-07T09:25:00+00:00,trade_exit,BTCUSD,-81.22648058508727,5333.872225087004,-362.63268887092454,stop_loss
2025-12-08T07:45:00+00:00,trade_exit,BTCUSD,-80.00808337630828,5253.864141710696,-442.64077224723314,stop_loss
2025-12-08T10:05:00+00:00,trade_exit,BTCUSD,-78.80796212565535,5175.05617958504,-521.4487343728888,stop_loss
2025-12-08T15:20:00+00:00,trade_exit,GOLD,62.10067415502315,5237.156853740063,-459.3480602178661,take_profit
2025-12-08T16:15:00+00:00,trade_exit,GOLD,62.845882244880166,5300.002735984943,-396.5021779729859,take_profit
2025-12-08T20:05:00+00:00,trade_exit,GOLD,63.600032831827335,5363.602768816771,-332.90214514115814,take_profit
2025-12-09T09:00:00+00:00,trade_exit,BTCUSD,-80.45404153225621,5283.148727284514,-413.3561866734144,stop_loss
2025-12-09T10:35:00+00:00,trade_exit,BTCUSD,237.74169272780037,5520.890420012314,-175.6144939456144,take_profit
2025-12-09T16:20:00+00:00,trade_exit,GOLD,66.25068504014962,5587.141105052464,-109.3638089054648,take_profit
2025-12-09T16:55:00+00:00,trade_exit,GOLD,67.04569326062982,5654.186798313093,-42.318115644835416,take_profit
2025-12-09T19:20:00+00:00,trade_exit,GOLD,67.85024157975546,5722.037039892849,0.0,take_profit
2025-12-10T08:00:00+00:00,trade_exit,BTCUSD,-85.8305555983904,5636.206484294458,-85.83055559839067,stop_loss
2025-12-10T10:00:00+00:00,trade_exit,BTCUSD,253.6292917932516,5889.83577608771,0.0,take_profit
2025-12-10T18:50:00+00:00,trade_exit,GOLD,70.67802931304381,5960.513805400754,0.0,take_profit
2025-12-10T19:10:00+00:00,trade_exit,GOLD,71.52616566480636,6032.03997106556,0.0,take_profit
2025-12-11T12:20:00+00:00,trade_exit,BTCUSD,-90.4805995659834,5941.559371499577,-90.48059956598354,stop_loss
2025-12-11T13:00:00+00:00,trade_exit,BTCUSD,-89.1233905724972,5852.435980927079,-179.6039901384811,stop_loss
2025-12-11T14:35:00+00:00,trade_exit,GOLD,-87.78653971390757,5764.6494412131715,-267.3905298523887,stop_loss
2025-12-11T14:45:00+00:00,trade_exit,GOLD,69.1757932945626,5833.825234507734,-198.21473655782574,take_profit
2025-12-11T16:45:00+00:00,trade_exit,GOLD,-87.50737851761882,5746.317855990115,-285.7221150754449,stop_loss
2025-12-12T10:45:00+00:00,trade_exit,BTCUSD,-86.19476783984753,5660.123088150268,-371.91688291529226,stop_loss
2025-12-12T13:20:00+00:00,trade_exit,BTCUSD,-84.90184632225298,5575.221241828015,-456.8187292375451,stop_loss
2025-12-12T14:30:00+00:00,trade_exit,GOLD,66.90265490194048,5642.123896729956,-389.9160743356042,take_profit
2025-12-12T17:40:00+00:00,trade_exit,GOLD,67.70548676076011,5709.829383490716,-322.2105875748439,take_profit
2025-12-13T11:45:00+00:00,trade_exit,BTCUSD,-85.64744075235869,5624.181942738358,-407.8580283272022,stop_loss
2025-12-13T13:00:00+00:00,trade_exit,BTCUSD,-84.36272914107236,5539.819213597286,-492.2207574682743,stop_loss
2025-12-14T10:10:00+00:00,trade_exit,BTCUSD,249.2918646118712,5789.111078209157,-242.92889285640285,take_profit
2025-12-14T10:15:00+00:00,trade_exit,BTCUSD,-86.83666617314115,5702.274412036016,-329.7655590295444,stop_loss
2025-12-15T09:10:00+00:00,trade_exit,BTCUSD,-85.5341161805341,5616.740295855481,-415.29967521007893,stop_loss
2025-12-15T12:15:00+00:00,trade_exit,BTCUSD,-84.25110443783477,5532.489191417647,-499.55077964791326,stop_loss
2025-12-15T17:45:00+00:00,trade_exit,GOLD,66.38987029701464,5598.8790617146615,-433.1609093508987,take_profit
2025-12-16T07:45:00+00:00,trade_exit,BTCUSD,-83.98318592571465,5514.895875788947,-517.1440952766134,stop_loss
2025-12-16T10:40:00+00:00,trade_exit,BTCUSD,248.17031441049696,5763.066190199444,-268.9737808661166,take_profit
2025-12-16T13:20:00+00:00,trade_exit,GOLD,-86.445992852987,5676.620197346457,-355.41977371910343,stop_loss
2025-12-16T13:30:00+00:00,trade_exit,GOLD,-85.14930296019472,5591.470894386262,-440.5690766792977,stop_loss
2025-12-16T13:40:00+00:00,trade_exit,GOLD,67.0976507326302,5658.568545118893,-373.4714259466673,take_profit
2025-12-17T10:10:00+00:00,trade_exit,BTCUSD,-84.87852817677978,5573.690016942113,-458.3499541234469,stop_loss
2025-12-17T12:10:00+00:00,trade_exit,BTCUSD,-83.60535025413257,5490.084666687981,-541.9553043775795,stop_loss
2025-12-17T13:30:00+00:00,trade_exit,GOLD,-82.35127000032325,5407.733396687658,-624.3065743779025,stop_loss
2025-12-17T13:40:00+00:00,trade_exit,GOLD,-81.11600095031669,5326.617395737341,-705.422575328219,stop_loss
2025-12-17T13:45:00+00:00,trade_exit,GOLD,63.91940874884707,5390.536804486188,-641.5031665793722,take_profit
2025-12-18T08:00:00+00:00,trade_exit,BTCUSD,-80.85805206729566,5309.678752418892,-722.361218646668,stop_loss
2025-12-18T09:00:00+00:00,trade_exit,BTCUSD,-79.64518128627803,5230.033571132614,-802.0063999329459,stop_loss
2025-12-18T13:15:00+00:00,trade_exit,GOLD,62.76040285359841,5292.793973986212,-739.245997079348,take_profit
2025-12-18T14:00:00+00:00,trade_exit,GOLD,63.513527687833125,5356.307501674045,-675.7324693915152,take_profit
2025-12-18T16:10:00+00:00,trade_exit,GOLD,-80.34461252511434,5275.962889148931,-756.0770819166291,stop_loss
2025-12-19T07:10:00+00:00,trade_exit,BTCUSD,237.41833001170414,5513.381219160635,-518.6587519049253,take_profit
2025-12-19T07:15:00+00:00,trade_exit,BTCUSD,-82.70071828740716,5430.680500873228,-601.3594701923321,stop_loss
2025-12-19T17:55:00+00:00,trade_exit,GOLD,-81.46020751309678,5349.220293360131,-682.8196777054291,stop_loss
2025-12-19T18:30:00+00:00,trade_exit,GOLD,64.19064352032288,5413.410936880454,-618.6290341851063,take_profit
2025-12-20T12:10:00+00:00,trade_exit,BTCUSD,-81.20116405320876,5332.209772827245,-699.8301982383155,stop_loss
2025-12-20T13:20:00+00:00,trade_exit,BTCUSD,-79.98314659241471,5252.22662623483,-779.8133448307299,stop_loss
2025-12-21T07:45:00+00:00,trade_exit,BTCUSD,-78.78339939354309,5173.4432268412875,-858.5967442242727,stop_loss
2025-12-21T08:30:00+00:00,trade_exit,BTCUSD,232.80494520785044,5406.248172049138,-625.7917990164224,take_profit
2025-12-22T08:15:00+00:00,trade_exit,BTCUSD,243.2811677422085,5649.5293397913465,-382.51063127421367,take_profit
2025-12-22T08:20:00+00:00,trade_exit,BTCUSD,254.22882029060975,5903.758160081956,-128.28181098360437,take_profit
2025-12-22T13:10:00+00:00,trade_exit,GOLD,-88.55637240122871,5815.201787680727,-216.83818338483343,stop_loss
2025-12-22T13:20:00+00:00,trade_exit,GOLD,69.7824214521696,5884.9842091328965,-147.0557619326637,take_profit
2025-12-22T20:05:00+00:00,trade_exit,GOLD,-35.72486699426235,5849.259342138635,-182.7806289269256,max_hold
2025-12-23T09:40:00+00:00,trade_exit,BTCUSD,-87.7388901320873,5761.520452006547,-270.51951905901296,stop_loss
2025-12-23T13:40:00+00:00,trade_exit,BTCUSD,-86.42280678010302,5675.097645226444,-356.94232583911617,stop_loss
2025-12-23T14:55:00+00:00,trade_exit,GOLD,-85.12646467839845,5589.971180548046,-442.06879051751457,stop_loss
2025-12-23T15:00:00+00:00,trade_exit,GOLD,-83.84956770822194,5506.121612839824,-525.9183582257365,stop_loss
2025-12-23T15:10:00+00:00,trade_exit,GOLD,66.07345935407609,5572.1950721939,-459.84489887166,take_profit
2025-12-24T08:25:00+00:00,trade_exit,BTCUSD,-83.58292608291048,5488.61214611099,-543.4278249545705,stop_loss
2025-12-24T10:05:00+00:00,trade_exit,BTCUSD,-82.32918219166328,5406.282963919326,-625.7570071462342,stop_loss
2025-12-24T13:35:00+00:00,trade_exit,GOLD,64.87539556702976,5471.158359486356,-560.8816115792042,take_profit
2025-12-24T16:00:00+00:00,trade_exit,GOLD,65.65390031383711,5536.812259800193,-495.22771126536736,take_profit
2025-12-25T08:25:00+00:00,trade_exit,BTCUSD,-83.0521838970056,5453.7600759031875,-578.2798951623727,stop_loss
2025-12-25T10:40:00+00:00,trade_exit,BTCUSD,-81.80640113854601,5371.953674764642,-660.0862963009185,stop_loss
2025-12-26T07:30:00+00:00,trade_exit,BTCUSD,-80.57930512147065,5291.374369643171,-740.665601422389,stop_loss
2025-12-26T09:55:00+00:00,trade_exit,BTCUSD,-79.37061554464884,5212.003754098522,-820.036216967038,stop_loss
2025-12-26T13:45:00+00:00,trade_exit,GOLD,62.54404504918097,5274.547799147703,-757.4921719178574,take_profit
2025-12-26T14:40:00+00:00,trade_exit,GOLD,63.29457358977065,5337.842372737474,-694.1975983280863,take_profit
2025-12-26T16:10:00+00:00,trade_exit,GOLD,64.05410847285297,5401.896481210327,-630.1434898552334,take_profit
2025-12-27T11:15:00+00:00,trade_exit,BTCUSD,-81.0284472181549,5320.868033992172,-711.1719370733881,stop_loss
2025-12-27T13:35:00+00:00,trade_exit,BTCUSD,-79.81302050990125,5241.055013482271,-790.9849575832895,stop_loss
2025-12-28T08:30:00+00:00,trade_exit,BTCUSD,-78.61582520224222,5162.439188280028,-869.6007827855319,stop_loss
2025-12-28T08:40:00+00:00,trade_exit,BTCUSD,232.30976347261225,5394.74895175264,-637.2910193129201,take_profit
2025-12-29T09:40:00+00:00,trade_exit,BTCUSD,242.76370282886705,5637.512654581507,-394.5273164840528,take_profit
2025-12-29T10:55:00+00:00,trade_exit,BTCUSD,253.68806945616643,5891.200724037673,-140.8392470278868,take_profit
2025-12-29T13:45:00+00:00,trade_exit,GOLD,-88.3680108605613,5802.832713177112,-229.2072578884481,stop_loss
2025-12-29T14:00:00+00:00,trade_exit,GOLD,-87.0424906976552,5715.790222479457,-316.2497485861031,stop_loss
2025-12-29T14:30:00+00:00,trade_exit,GOLD,-85.73685333719007,5630.053369142267,-401.98660192329316,stop_loss
2025-12-30T08:10:00+00:00,trade_exit,BTCUSD,253.35240161140814,5883.405770753675,-148.63420031188525,take_profit
2025-12-30T08:15:00+00:00,trade_exit,BTCUSD,264.7532596839203,6148.159030437595,0.0,take_profit
2025-12-30T13:10:00+00:00,trade_exit,GOLD,73.77790836525078,6221.936938802845,0.0,take_profit
2025-12-30T19:45:00+00:00,trade_exit,GOLD,-93.32905408203519,6128.60788472081,-93.32905408203533,stop_loss
2025-12-30T19:50:00+00:00,trade_exit,GOLD,-91.92911827081605,6036.678766449994,-185.25817235285103,stop_loss
2025-12-31T08:35:00+00:00,trade_exit,BTCUSD,-90.5501814967543,5946.12858495324,-275.80835384960574,stop_loss
2025-12-31T10:20:00+00:00,trade_exit,BTCUSD,-89.19192877430909,5856.93665617893,-365.00028262391515,stop_loss
2025-12-31T13:55:00+00:00,trade_exit,GOLD,-87.85404984268428,5769.082606336246,-452.8543324665998,stop_loss
2025-12-31T14:00:00+00:00,trade_exit,GOLD,69.2289912760313,5838.311597612277,-383.6253411905682,take_profit
2025-12-31T14:25:00+00:00,trade_exit,GOLD,70.05973917134877,5908.371336783626,-313.5656020192191,take_profit
2026-01-01T09:20:00+00:00,withdrawal,,-479.9996188672451,5428.371717916381,-793.565220886464,50pct_profit_share 2025-12 profit=960.00
2026-01-01T09:20:00+00:00,trade_exit,BTCUSD,-81.42557576874775,5346.9461421476335,-874.9907966552119,stop_loss
2026-01-01T12:30:00+00:00,trade_exit,BTCUSD,-80.20419213219743,5266.7419500154365,-955.1949887874089,stop_loss
2026-01-02T09:45:00+00:00,trade_exit,BTCUSD,237.00338775068735,5503.745337766124,-718.1916010367213,take_profit
2026-01-02T09:50:00+00:00,trade_exit,BTCUSD,-82.55618006649,5421.189157699634,-800.7477811032113,stop_loss
2026-01-02T15:00:00+00:00,trade_exit,GOLD,-81.317837365496,5339.871320334138,-882.0656184687077,stop_loss
2026-01-02T15:20:00+00:00,trade_exit,GOLD,-80.09806980500898,5259.773250529129,-962.1636882737166,stop_loss
2026-01-02T15:40:00+00:00,trade_exit,GOLD,63.11727900635201,5322.890529535481,-899.0464092673647,take_profit
2026-01-03T08:25:00+00:00,trade_exit,BTCUSD,-79.84335794302834,5243.047171592452,-978.8897672103931,stop_loss
2026-01-03T12:20:00+00:00,trade_exit,BTCUSD,-78.64570757388879,5164.401464018563,-1057.535474784282,stop_loss
2026-01-04T10:15:00+00:00,trade_exit,BTCUSD,-77.46602196028675,5086.935442058277,-1135.0014967445686,stop_loss
2026-01-04T14:15:00+00:00,trade_exit,BTCUSD,-76.30403163087797,5010.631410427399,-1211.3055283754466,stop_loss
2026-01-05T08:35:00+00:00,trade_exit,BTCUSD,-75.15947115640411,4935.471939270995,-1286.4649995318505,stop_loss
2026-01-05T10:00:00+00:00,trade_exit,BTCUSD,-74.03207908906884,4861.439860181926,-1360.4970786209196,stop_loss
2026-01-05T13:30:00+00:00,trade_exit,GOLD,58.3372783221819,4919.777138504108,-1302.1598002987375,take_profit
2026-01-05T15:00:00+00:00,trade_exit,GOLD,-73.79665707756241,4845.980481426545,-1375.9564573763,stop_loss
2026-01-05T15:25:00+00:00,trade_exit,GOLD,58.15176577711722,4904.132247203663,-1317.8046915991827,take_profit
2026-01-06T07:35:00+00:00,trade_exit,BTCUSD,220.68595112417069,5124.818198327834,-1097.1187404750117,take_profit
2026-01-06T08:05:00+00:00,trade_exit,BTCUSD,-76.87227297492142,5047.945925352912,-1173.9910134499332,stop_loss
2026-01-06T14:50:00+00:00,trade_exit,GOLD,-75.71918888029313,4972.226736472619,-1249.710202330226,stop_loss
2026-01-06T15:10:00+00:00,trade_exit,GOLD,59.66672083766922,5031.893457310289,-1190.0434814925566,take_profit
2026-01-06T17:40:00+00:00,trade_exit,GOLD,60.38272148772175,5092.276178798011,-1129.6607600048346,take_profit
2026-01-07T09:10:00+00:00,trade_exit,BTCUSD,229.1524280459076,5321.428606843919,-900.5083319589266,take_profit
2026-01-07T09:20:00+00:00,trade_exit,BTCUSD,239.46428730797973,5560.892894151899,-661.0440446509465,take_profit
2026-01-07T15:25:00+00:00,trade_exit,GOLD,66.73071472982151,5627.62360888172,-594.3133299211249,take_profit
2026-01-07T17:00:00+00:00,trade_exit,GOLD,67.53148330658468,5695.155092188305,-526.78184661454,take_profit
2026-01-08T07:10:00+00:00,trade_exit,BTCUSD,-85.42732638282315,5609.727765805482,-612.2091729973636,stop_loss
2026-01-08T10:20:00+00:00,trade_exit,BTCUSD,-84.14591648707872,5525.581849318403,-696.355089484442,stop_loss
2026-01-08T16:35:00+00:00,trade_exit,GOLD,-82.88372773977385,5442.698121578629,-779.2388172242163,stop_loss
2026-01-08T18:05:00+00:00,trade_exit,GOLD,65.31237745894899,5508.0104990375785,-713.9264397652669,take_profit
2026-01-09T08:00:00+00:00,trade_exit,BTCUSD,-82.62015748556902,5425.39034155201,-796.5465972508355,stop_loss
2026-01-09T08:05:00+00:00,trade_exit,BTCUSD,-81.38085512328014,5344.009486428729,-877.927452374116,stop_loss
2026-01-09T16:10:00+00:00,trade_exit,GOLD,64.12811383714585,5408.137600265875,-813.79933853697,take_profit
2026-01-10T08:05:00+00:00,trade_exit,BTCUSD,-81.12206400400378,5327.015536261872,-894.9214025409738,stop_loss
2026-01-10T12:00:00+00:00,trade_exit,BTCUSD,-79.90523304393426,5247.110303217937,-974.8266355849082,stop_loss
2026-01-11T08:35:00+00:00,trade_exit,BTCUSD,-78.70665454826272,5168.403648669674,-1053.5332901331712,stop_loss
2026-01-11T09:25:00+00:00,trade_exit,BTCUSD,-77.5260547300326,5090.877593939642,-1131.0593448632035,stop_loss
2026-01-12T08:05:00+00:00,trade_exit,BTCUSD,-76.3631639090953,5014.5144300305465,-1207.422508772299,stop_loss
2026-01-12T08:35:00+00:00,trade_exit,BTCUSD,225.65314935137516,5240.167579381921,-981.769359420924,take_profit
2026-01-12T13:05:00+00:00,trade_exit,GOLD,-78.6025136907321,5161.565065691189,-1060.371873111656,stop_loss
2026-01-12T13:10:00+00:00,trade_exit,GOLD,-77.4234759853623,5084.141589705827,-1137.7953490970185,stop_loss
2026-01-12T13:40:00+00:00,trade_exit,GOLD,-76.26212384558701,5007.87946586024,-1214.0574729426053,stop_loss
2026-01-13T09:20:00+00:00,trade_exit,BTCUSD,225.35457596371464,5233.234041823955,-988.7028969788907,take_profit
2026-01-13T09:35:00+00:00,trade_exit,BTCUSD,-78.49851062736009,5154.735531196595,-1067.2014076062505,stop_loss
2026-01-13T13:30:00+00:00,trade_exit,GOLD,-77.32103296795299,5077.414498228642,-1144.5224405742038,stop_loss
2026-01-13T14:20:00+00:00,trade_exit,GOLD,-76.16121747343142,5001.25328075521,-1220.6836580476356,stop_loss
2026-01-13T18:20:00+00:00,trade_exit,GOLD,-75.01879921132905,4926.234481543881,-1295.7024572589644,stop_loss
2026-01-14T08:35:00+00:00,trade_exit,BTCUSD,-73.89351722315368,4852.340964320727,-1369.5959744821184,stop_loss
2026-01-14T13:30:00+00:00,trade_exit,BTCUSD,-72.78511446481556,4779.555849855911,-1442.3810889469341,stop_loss
2026-01-14T14:50:00+00:00,trade_exit,GOLD,57.354670198272636,4836.9105200541835,-1385.0264187486619,take_profit
2026-01-14T15:10:00+00:00,trade_exit,GOLD,58.04292624065151,4894.953446294835,-1326.9834925080104,take_profit
2026-01-14T19:00:00+00:00,trade_exit,GOLD,-73.42430169442149,4821.529144600414,-1400.4077942024314,stop_loss
2026-01-15T08:00:00+00:00,trade_exit,BTCUSD,-72.32293716900621,4749.206207431408,-1472.7307313714373,stop_loss
2026-01-15T09:40:00+00:00,trade_exit,BTCUSD,213.71427933441802,4962.920486765826,-1259.016452037019,take_profit
2026-01-15T13:45:00+00:00,trade_exit,GOLD,-74.4438073014884,4888.476679464338,-1333.460259338507,stop_loss
2026-01-15T14:05:00+00:00,trade_exit,GOLD,58.66172015357464,4947.138399617913,-1274.7985391849325,take_profit
2026-01-15T18:30:00+00:00,trade_exit,GOLD,59.365660795417696,5006.504060413331,-1215.4328783895144,take_profit
2026-01-16T10:30:00+00:00,trade_exit,BTCUSD,225.29268271859243,5231.796743131923,-990.1401956709224,take_profit
2026-01-16T11:50:00+00:00,trade_exit,BTCUSD,-78.47695114698296,5153.31979198494,-1068.6171468179055,stop_loss
2026-01-16T13:30:00+00:00,trade_exit,GOLD,61.83983750381533,5215.159629488755,-1006.7773093140904,take_profit
2026-01-16T15:30:00+00:00,trade_exit,GOLD,-78.22739444233011,5136.9322350464245,-1085.004703756421,stop_loss
2026-01-16T15:45:00+00:00,trade_exit,GOLD,61.643186820557204,5198.575421866982,-1023.3615169358636,take_profit
2026-01-17T08:15:00+00:00,trade_exit,BTCUSD,-77.9786313280161,5120.596790538965,-1101.34014826388,stop_loss
2026-01-17T11:20:00+00:00,trade_exit,BTCUSD,-76.80895185808198,5043.787838680883,-1178.149100121962,stop_loss
2026-01-18T07:45:00+00:00,trade_exit,BTCUSD,-75.65681758022359,4968.131021100659,-1253.805917702186,stop_loss
2026-01-18T10:00:00+00:00,trade_exit,BTCUSD,-74.52196531650675,4893.609055784153,-1328.3278830186928,stop_loss
2026-01-19T13:35:00+00:00,trade_exit,BTCUSD,-73.40413583676767,4820.204919947385,-1401.7320188554604,stop_loss
2026-01-19T14:45:00+00:00,trade_exit,BTCUSD,-72.3030737992116,4747.901846148174,-1474.0350926546716,stop_loss
2026-01-19T18:00:00+00:00,trade_exit,GOLD,56.974822153771576,4804.876668301945,-1417.0602705009005,take_profit
2026-01-19T18:30:00+00:00,trade_exit,GOLD,57.65852001961739,4862.535188321563,-1359.4017504812828,take_profit
2026-01-20T08:45:00+00:00,trade_exit,BTCUSD,-72.93802782482082,4789.597160496742,-1432.3397783061037,stop_loss
2026-01-20T12:25:00+00:00,trade_exit,BTCUSD,-71.843957407449,4717.753203089293,-1504.1837357135528,stop_loss
2026-01-20T14:30:00+00:00,trade_exit,GOLD,56.613038437072156,4774.366241526364,-1447.570697276481,take_profit
2026-01-20T16:55:00+00:00,trade_exit,GOLD,-71.61549362289519,4702.750747903469,-1519.186190899376,stop_loss
2026-01-20T17:00:00+00:00,trade_exit,GOLD,56.43300897484476,4759.183756878314,-1462.7531819245314,take_profit
2026-01-21T07:55:00+00:00,trade_exit,BTCUSD,214.16326905952207,4973.347025937836,-1248.589912865009,take_profit
2026-01-21T08:55:00+00:00,trade_exit,BTCUSD,-74.60020538906639,4898.74682054877,-1323.190118254075,stop_loss
2026-01-21T14:00:00+00:00,trade_exit,GOLD,58.78496184658481,4957.531782395356,-1264.4051564074898,take_profit
2026-01-21T17:50:00+00:00,trade_exit,GOLD,59.49038138874285,5017.022163784099,-1204.9147750187467,take_profit
2026-01-21T19:50:00+00:00,trade_exit,GOLD,-75.25533245676289,4941.766831327336,-1280.1701074755092,stop_loss
2026-01-22T10:00:00+00:00,trade_exit,BTCUSD,-74.12650246991292,4867.640328857423,-1354.2966099454225,stop_loss
2026-01-22T13:30:00+00:00,trade_exit,BTCUSD,-73.01460493285992,4794.625723924563,-1427.311214878282,stop_loss
2026-01-22T14:45:00+00:00,trade_exit,GOLD,57.535508687093575,4852.1612326116565,-1369.7757061911889,take_profit
2026-01-22T14:55:00+00:00,trade_exit,GOLD,58.2259347913428,4910.387167403,-1311.5497713998457,take_profit
2026-01-22T15:50:00+00:00,trade_exit,GOLD,-73.65580751104605,4836.731359891954,-1385.2055789108917,stop_loss
2026-01-23T09:15:00+00:00,trade_exit,BTCUSD,217.6529111951443,5054.384271087098,-1167.5526677157477,take_profit
2026-01-23T11:05:00+00:00,trade_exit,BTCUSD,-75.81576406630646,4978.568507020791,-1243.3684317820544,stop_loss
2026-01-23T14:55:00+00:00,trade_exit,GOLD,59.74282208424869,5038.3113291050395,-1183.6256096978059,take_profit
2026-01-23T16:25:00+00:00,trade_exit,GOLD,-75.57466993657704,4962.736659168462,-1259.2002796343832,stop_loss
2026-01-23T16:45:00+00:00,trade_exit,GOLD,59.552839910022236,5022.289499078484,-1199.647439724361,take_profit
2026-01-24T08:50:00+00:00,trade_exit,BTCUSD,-75.3343424861626,4946.955156592322,-1274.9817822105233,stop_loss
2026-01-24T12:30:00+00:00,trade_exit,BTCUSD,-74.20432734888091,4872.750829243441,-1349.186109559404,stop_loss
2026-01-25T08:40:00+00:00,trade_exit,BTCUSD,219.27378731594936,5092.024616559391,-1129.9123222434546,take_profit
2026-01-25T09:20:00+00:00,trade_exit,BTCUSD,-76.3803692483917,5015.644247310999,-1206.2926914918462,stop_loss
2026-01-26T08:10:00+00:00,trade_exit,BTCUSD,-75.23466370966499,4940.409583601334,-1281.5273552015115,stop_loss
2026-01-26T08:45:00+00:00,trade_exit,BTCUSD,-74.10614375402254,4866.303439847311,-1355.6334989555344,stop_loss
2026-01-26T19:05:00+00:00,trade_exit,GOLD,58.3956412781692,4924.69908112548,-1297.2378576773654,take_profit
2026-01-26T19:30:00+00:00,trade_exit,GOLD,59.09638897350532,4983.795470098985,-1238.1414687038605,take_profit
2026-01-27T09:05:00+00:00,trade_exit,BTCUSD,224.2707961544518,5208.066266253437,-1013.8706725494085,take_profit
2026-01-27T09:10:00+00:00,trade_exit,BTCUSD,-78.1209939938092,5129.945272259628,-1091.9916665432174,stop_loss
2026-01-27T14:30:00+00:00,trade_exit,GOLD,61.55934326711701,5191.504615526745,-1030.4323232761008,take_profit
2026-01-28T10:15:00+00:00,trade_exit,BTCUSD,233.6177076987059,5425.122323225451,-796.8146155773948,take_profit
2026-01-28T11:55:00+00:00,trade_exit,BTCUSD,244.1305045451402,5669.252827770591,-552.6841110322548,take_profit
2026-01-28T13:10:00+00:00,trade_exit,GOLD,68.03103393324707,5737.283861703838,-484.65307709900753,take_profit
2026-01-28T17:35:00+00:00,trade_exit,GOLD,68.84740634044412,5806.131268044282,-415.8056707585638,take_profit
2026-01-28T20:00:00+00:00,trade_exit,GOLD,-87.09196902066506,5719.039299023617,-502.8976397792285,stop_loss
2026-01-29T08:25:00+00:00,trade_exit,BTCUSD,-85.78558948535716,5633.2537095382595,-588.6832292645859,stop_loss
2026-01-29T11:05:00+00:00,trade_exit,BTCUSD,-84.49880564307976,5548.75490389518,-673.1820349076652,stop_loss
2026-01-29T15:10:00+00:00,trade_exit,GOLD,-83.23132355842792,5465.523580336752,-756.4133584660931,stop_loss
2026-01-29T15:15:00+00:00,trade_exit,GOLD,-81.98285370505066,5383.540726631702,-838.3962121711438,stop_loss
2026-01-29T15:25:00+00:00,trade_exit,GOLD,-80.75311089947594,5302.787615732225,-919.1493230706201,stop_loss
2026-01-30T09:35:00+00:00,trade_exit,BTCUSD,-79.54181423598608,5223.245801496239,-998.6911373066059,stop_loss
2026-01-30T14:00:00+00:00,trade_exit,GOLD,62.678949617954224,5285.924751114194,-936.0121876886515,take_profit
2026-01-30T14:45:00+00:00,trade_exit,BTCUSD,-79.28887126671181,5206.635879847482,-1015.3010589553633,stop_loss
2026-01-30T16:40:00+00:00,trade_exit,GOLD,62.479630558170136,5269.1155104056525,-952.8214283971929,take_profit
2026-01-30T17:40:00+00:00,trade_exit,GOLD,-79.0367326560854,5190.078777749567,-1031.8581610532783,stop_loss
2026-01-31T08:10:00+00:00,trade_exit,BTCUSD,233.55354499872723,5423.632322748294,-798.3046160545509,take_profit
2026-01-31T08:30:00+00:00,trade_exit,BTCUSD,244.06345452366958,5667.695777271964,-554.2411615308811,take_profit
2026-02-01T07:10:00+00:00,withdrawal,,-119.66202967779058,5548.033747594173,-673.9031912086721,50pct_profit_share 2026-01 profit=239.32
2026-02-01T07:10:00+00:00,trade_exit,BTCUSD,-83.22050621391047,5464.813241380263,-757.1236974225822,stop_loss
2026-02-01T11:30:00+00:00,trade_exit,BTCUSD,-81.97219862070295,5382.84104275956,-839.0958960432854,stop_loss
2026-02-02T08:20:00+00:00,trade_exit,BTCUSD,-80.74261564139242,5302.098427118168,-919.8385116846775,stop_loss
2026-02-02T12:20:00+00:00,trade_exit,BTCUSD,238.59442922031585,5540.692856338484,-681.2440824643618,take_profit
2026-02-02T16:05:00+00:00,trade_exit,GOLD,66.4883142760612,5607.1811706145445,-614.7557681883009,take_profit
2026-02-02T18:30:00+00:00,trade_exit,GOLD,67.28617404737354,5674.467344661918,-547.4695941409273,take_profit
2026-02-03T08:50:00+00:00,trade_exit,BTCUSD,-85.11701016993094,5589.350334491987,-632.5866043108581,stop_loss
2026-02-03T09:20:00+00:00,trade_exit,BTCUSD,-83.84025501738029,5505.510079474607,-716.4268593282386,stop_loss
2026-02-03T13:55:00+00:00,trade_exit,GOLD,66.06612095369415,5571.576200428301,-650.3607383745448,take_profit
2026-02-03T16:35:00+00:00,trade_exit,GOLD,-83.57364300642519,5488.002557421875,-733.9343813809701,stop_loss
2026-02-03T16:45:00+00:00,trade_exit,GOLD,65.8560306890623,5553.8585881109375,-668.0783506919079,take_profit
2026-02-04T08:10:00+00:00,trade_exit,BTCUSD,-83.30787882165997,5470.550709289278,-751.3862295135677,stop_loss
2026-02-04T08:35:00+00:00,trade_exit,BTCUSD,-82.05826063934086,5388.492448649937,-833.4444901529087,stop_loss
2026-02-04T14:50:00+00:00,trade_exit,GOLD,64.66190938380018,5453.154358033737,-768.7825807691088,take_profit
2026-02-04T15:30:00+00:00,trade_exit,GOLD,-81.79731537050638,5371.3570426632305,-850.5798961396149,stop_loss
2026-02-04T16:45:00+00:00,trade_exit,GOLD,-80.57035563994822,5290.786687023282,-931.1502517795634,stop_loss
2026-02-05T11:05:00+00:00,trade_exit,BTCUSD,-79.36180030534838,5211.424886717934,-1010.5120520849114,stop_loss
2026-02-05T11:25:00+00:00,trade_exit,BTCUSD,-78.1713733007703,5133.253513417164,-1088.6834253856814,stop_loss
2026-02-05T17:00:00+00:00,trade_exit,GOLD,61.59904216100643,5194.852555578171,-1027.0843832246746,take_profit
2026-02-06T12:05:00+00:00,trade_exit,BTCUSD,-77.92278833367295,5116.929767244498,-1105.0071715583472,stop_loss
2026-02-06T13:05:00+00:00,trade_exit,BTCUSD,-76.75394650866588,5040.1758207358325,-1181.7611180670128,stop_loss
2026-02-06T13:05:00+00:00,trade_exit,GOLD,60.48210984882938,5100.657930584662,-1121.2790082181837,take_profit
2026-02-06T14:05:00+00:00,trade_exit,GOLD,61.2078951670171,5161.865825751679,-1060.0711130511663,take_profit
2026-02-06T15:45:00+00:00,trade_exit,GOLD,61.94238990902029,5223.8082156607,-998.1287231421456,take_profit
2026-02-07T08:20:00+00:00,trade_exit,BTCUSD,-78.35712323490904,5145.451092425791,-1076.4858463770543,stop_loss
2026-02-07T11:00:00+00:00,trade_exit,BTCUSD,-77.18176638638886,5068.269326039403,-1153.6676127634428,stop_loss
2026-02-08T08:00:00+00:00,trade_exit,BTCUSD,228.0721196717688,5296.341445711171,-925.5954930916741,take_profit
2026-02-08T08:05:00+00:00,trade_exit,BTCUSD,-79.44512168566686,5216.896324025504,-1005.040614777341,stop_loss
2026-02-09T08:30:00+00:00,trade_exit,BTCUSD,234.7603345811472,5451.656658606652,-770.2802801961934,take_profit
2026-02-09T08:35:00+00:00,trade_exit,BTCUSD,-81.77484987910229,5369.8818087275495,-852.0551300752959,stop_loss
2026-02-09T15:15:00+00:00,trade_exit,GOLD,64.43858170472915,5434.320390432279,-787.6165483705663,take_profit
2026-02-09T16:15:00+00:00,trade_exit,GOLD,-81.5148058564818,5352.805584575797,-869.1313542270482,stop_loss
2026-02-09T16:25:00+00:00,trade_exit,GOLD,-80.29208376863913,5272.513500807158,-949.423437995687,stop_loss
2026-02-10T11:30:00+00:00,trade_exit,BTCUSD,-79.08770251211072,5193.425798295048,-1028.5111405077978,stop_loss
2026-02-10T12:05:00+00:00,trade_exit,BTCUSD,-77.90138697442232,5115.524411320625,-1106.41252748222,stop_loss
2026-02-10T14:35:00+00:00,trade_exit,GOLD,61.38629293584589,5176.910704256471,-1045.0262345463743,take_profit
2026-02-10T15:45:00+00:00,trade_exit,GOLD,62.12292845107688,5239.033632707548,-982.903306095297,take_profit
2026-02-10T18:40:00+00:00,trade_exit,GOLD,62.86840359249289,5301.902036300041,-920.0349025028045,take_profit
2026-02-11T09:50:00+00:00,trade_exit,BTCUSD,-79.52853054449702,5222.373505755544,-999.5634330473013,stop_loss
2026-02-11T10:10:00+00:00,trade_exit,BTCUSD,-78.3356025863291,5144.037903169215,-1077.8990356336308,stop_loss
2026-02-11T18:00:00+00:00,trade_exit,GOLD,61.728454838029826,5205.766358007244,-1016.1705807956014,take_profit
2026-02-11T19:35:00+00:00,trade_exit,GOLD,62.46919629608692,5268.235554303331,-953.7013844995145,take_profit
2026-02-12T08:40:00+00:00,trade_exit,BTCUSD,-79.02353331454799,5189.212020988783,-1032.7249178140628,stop_loss
2026-02-12T10:30:00+00:00,trade_exit,BTCUSD,233.51454094449014,5422.726561933273,-799.2103768695724,take_profit
2026-02-12T16:15:00+00:00,trade_exit,GOLD,-81.34089842899884,5341.385663504274,-880.5512752985715,stop_loss
2026-02-12T16:20:00+00:00,trade_exit,GOLD,-80.12078495256361,5261.26487855171,-960.672060251135,stop_loss
2026-02-12T16:25:00+00:00,trade_exit,GOLD,-78.91897317827492,5182.345905373435,-1039.5910334294103,stop_loss
2026-02-13T07:30:00+00:00,trade_exit,BTCUSD,-77.73518858060223,5104.610716792833,-1117.3262220100123,stop_loss
2026-02-13T10:40:00+00:00,trade_exit,BTCUSD,229.70748225567525,5334.318199048508,-887.6187397543372,take_profit
2026-02-13T14:35:00+00:00,trade_exit,GOLD,64.01181838858328,5398.330017437092,-823.6069213657538,take_profit
2026-02-13T18:10:00+00:00,trade_exit,GOLD,-80.97495026155656,5317.355067175535,-904.5818716273106,stop_loss
2026-02-13T19:10:00+00:00,trade_exit,GOLD,63.808260806107015,5381.1633279816415,-840.7736108212039,take_profit
2026-02-14T08:05:00+00:00,trade_exit,BTCUSD,242.15234975917386,5623.315677740816,-598.6212610620296,take_profit
2026-02-14T09:00:00+00:00,trade_exit,BTCUSD,253.04920549833295,5876.364883239149,-345.57205556369627,take_profit
2026-02-15T07:20:00+00:00,trade_exit,BTCUSD,-88.14547324858266,5788.219409990566,-433.71752881227894,stop_loss
2026-02-15T12:50:00+00:00,trade_exit,BTCUSD,260.46987344957546,6048.6892834401415,-173.24765536270388,take_profit
2026-02-16T09:05:00+00:00,trade_exit,BTCUSD,-90.7303392516046,5957.958944188537,-263.97799461430805,stop_loss
2026-02-16T10:20:00+00:00,trade_exit,BTCUSD,-89.36938416282806,5868.589560025709,-353.3473787771363,stop_loss
2026-02-16T15:00:00+00:00,trade_exit,GOLD,-88.02884340038639,5780.560716625323,-441.3762221775223,stop_loss
2026-02-16T15:20:00+00:00,trade_exit,GOLD,69.36672859950387,5849.927445224827,-372.009493578018,take_profit
2026-02-16T16:25:00+00:00,trade_exit,GOLD,70.1991293426999,5920.126574567527,-301.81036423531805,take_profit
2026-02-17T10:15:00+00:00,trade_exit,BTCUSD,266.40569585553544,6186.532270423063,-35.40466837978238,take_profit
2026-02-17T10:20:00+00:00,trade_exit,BTCUSD,-92.79798405634952,6093.734286366714,-128.20265243613176,stop_loss
2026-02-17T13:20:00+00:00,trade_exit,GOLD,73.124811436398,6166.859097803112,-55.07784099973378,take_profit
2026-02-17T14:00:00+00:00,trade_exit,GOLD,-92.50288646704851,6074.356211336063,-147.58072746678226,stop_loss
2026-02-17T14:05:00+00:00,trade_exit,GOLD,72.89227453603469,6147.248485872098,-74.68845293074719,take_profit
2026-02-18T08:15:00+00:00,trade_exit,BTCUSD,276.62618186424197,6423.87466773634,0.0,take_profit
2026-02-18T08:30:00+00:00,trade_exit,BTCUSD,-96.35812001605,6327.51654772029,-96.35812001604972,stop_loss
2026-02-18T13:05:00+00:00,trade_exit,GOLD,-94.91274821580339,6232.603799504486,-191.27086823185346,stop_loss
2026-02-18T13:35:00+00:00,trade_exit,GOLD,-93.48905699256476,6139.114742511922,-284.7599252244181,stop_loss
2026-02-18T13:40:00+00:00,trade_exit,GOLD,73.66937691014529,6212.784119422067,-211.09054831427238,take_profit
2026-02-19T09:20:00+00:00,trade_exit,BTCUSD,-93.19176179133328,6119.592357630734,-304.2823101056056,stop_loss
2026-02-19T10:10:00+00:00,trade_exit,BTCUSD,-91.79388536445806,6027.798472266276,-396.0761954700638,stop_loss
2026-02-19T15:50:00+00:00,trade_exit,GOLD,72.33358166719471,6100.13205393347,-323.7426138028695,take_profit
2026-02-19T19:05:00+00:00,trade_exit,GOLD,73.2015846472044,6173.333638580674,-250.54102915566546,take_profit
2026-02-20T10:45:00+00:00,trade_exit,BTCUSD,-92.60000457870487,6080.733634001969,-343.14103373437047,stop_loss
2026-02-20T12:10:00+00:00,trade_exit,BTCUSD,-91.21100451002879,5989.52262949194,-434.3520382443994,stop_loss
2026-02-20T14:30:00+00:00,trade_exit,GOLD,-89.84283944238047,5899.679790049559,-524.1948776867803,stop_loss
2026-02-20T15:00:00+00:00,trade_exit,GOLD,70.79615748059685,5970.475947530156,-453.3987202061835,take_profit
2026-02-20T20:20:00+00:00,trade_exit,GOLD,-89.55713921295003,5880.918808317206,-542.955859419134,stop_loss
2026-02-21T08:50:00+00:00,trade_exit,BTCUSD,264.64134637427173,6145.560154691478,-278.314513044862,take_profit
2026-02-21T08:55:00+00:00,trade_exit,BTCUSD,-92.18340232039063,6053.376752371087,-370.497915365253,stop_loss
2026-02-22T08:35:00+00:00,trade_exit,BTCUSD,-90.80065128557854,5962.5761010855085,-461.29856665083116,stop_loss
2026-02-22T11:05:00+00:00,trade_exit,BTCUSD,268.3159245488618,6230.89202563437,-192.98264210196976,take_profit
2026-02-23T10:10:00+00:00,trade_exit,BTCUSD,-93.46338038451321,6137.428645249856,-286.44602248648334,stop_loss
2026-02-23T12:05:00+00:00,trade_exit,BTCUSD,-92.06142967874375,6045.367215571113,-378.5074521652268,stop_loss
2026-02-23T14:35:00+00:00,trade_exit,GOLD,-90.68050823357113,5954.6867073375415,-469.18796039879817,stop_loss
2026-02-23T14:45:00+00:00,trade_exit,GOLD,-89.32030061006186,5865.366406727479,-558.5082610088602,stop_loss
2026-02-23T15:00:00+00:00,trade_exit,GOLD,70.38439688072837,5935.750803608208,-488.1238641281316,take_profit
2026-02-24T12:50:00+00:00,trade_exit,BTCUSD,-89.03626205412536,5846.714541554083,-577.160126182257,stop_loss
2026-02-24T13:10:00+00:00,trade_exit,BTCUSD,-87.70071812331324,5759.01382343077,-664.86084430557,stop_loss
2026-02-24T14:10:00+00:00,trade_exit,GOLD,-86.38520735145916,5672.628616079311,-751.246051657029,stop_loss
2026-02-24T14:30:00+00:00,trade_exit,GOLD,68.07154339295049,5740.7001594722615,-683.1745082640782,take_profit
2026-02-24T18:15:00+00:00,trade_exit,GOLD,68.8884019136708,5809.588561385932,-614.2861063504079,take_profit
2026-02-25T08:50:00+00:00,trade_exit,BTCUSD,261.43148526236604,6071.0200466482975,-352.8546210880422,take_profit
2026-02-25T09:05:00+00:00,trade_exit,BTCUSD,-91.06530069972257,5979.954745948575,-443.9199217877649,stop_loss
2026-02-25T14:40:00+00:00,trade_exit,GOLD,71.75945695138614,6051.714202899961,-372.1604648363791,take_profit
2026-02-25T19:05:00+00:00,trade_exit,GOLD,72.6205704348012,6124.334773334762,-299.53989440157784,take_profit
2026-02-26T09:15:00+00:00,trade_exit,BTCUSD,-91.86502160002274,6032.4697517347395,-391.4049160016002,stop_loss
2026-02-26T10:30:00+00:00,trade_exit,BTCUSD,-90.48704627601641,5941.982705458723,-481.8919622776166,stop_loss
2026-02-26T15:35:00+00:00,trade_exit,GOLD,71.30379246550467,6013.286497924228,-410.588169812112,take_profit
2026-02-26T19:55:00+00:00,trade_exit,GOLD,72.15943797508976,6085.445935899317,-338.4287318370225,take_profit
2026-02-27T07:30:00+00:00,trade_exit,BTCUSD,-91.28168903849634,5994.164246860821,-429.71042087551905,stop_loss
2026-02-27T08:15:00+00:00,trade_exit,BTCUSD,-89.91246370290914,5904.251783157912,-519.622884578428,stop_loss
2026-02-27T13:05:00+00:00,trade_exit,GOLD,-88.56377674736763,5815.688006410544,-608.1866613257953,stop_loss
2026-02-27T13:15:00+00:00,trade_exit,GOLD,-87.23532009616044,5728.452686314384,-695.4219814219559,stop_loss
2026-02-27T13:20:00+00:00,trade_exit,GOLD,-85.9267902947147,5642.525896019669,-781.3487717166709,stop_loss
2026-02-28T10:30:00+00:00,trade_exit,BTCUSD,-84.6378884402948,5557.888007579374,-865.9866601569656,stop_loss
2026-02-28T16:50:00+00:00,trade_exit,BTCUSD,-83.36832011369152,5474.519687465682,-949.3549802706575,stop_loss
2026-03-01T08:20:00+00:00,trade_exit,BTCUSD,-82.11779531198876,5392.401892153694,-1031.4727755826461,stop_loss
2026-03-01T09:00:00+00:00,trade_exit,BTCUSD,-80.88602838230709,5311.515863771387,-1112.358803964953,stop_loss
2026-03-02T08:50:00+00:00,trade_exit,BTCUSD,-79.67273795656925,5231.8431258148175,-1192.0315419215221,stop_loss
2026-03-02T09:55:00+00:00,trade_exit,BTCUSD,-78.47764688722405,5153.365478927593,-1270.5091888087463,stop_loss
2026-03-02T13:10:00+00:00,trade_exit,GOLD,61.84038574713222,5215.2058646747255,-1208.6688030616142,take_profit
2026-03-02T14:30:00+00:00,trade_exit,GOLD,-78.22808797011983,5136.977776704605,-1286.8968910317344,stop_loss
2026-03-02T14:35:00+00:00,trade_exit,GOLD,61.643733320455574,5198.621510025061,-1225.2531577112786,take_profit
2026-03-03T08:40:00+00:00,trade_exit,BTCUSD,233.93796795112775,5432.559477976189,-991.315189760151,take_profit
2026-03-03T09:05:00+00:00,trade_exit,BTCUSD,244.46517650893068,5677.02465448512,-746.8500132512199,take_profit
2026-03-03T14:50:00+00:00,trade_exit,GOLD,-85.15536981727784,5591.869284667842,-832.0053830684974,stop_loss
2026-03-03T15:15:00+00:00,trade_exit,GOLD,-83.87803927001715,5507.991245397825,-915.8834223385147,stop_loss
2026-03-03T15:35:00+00:00,trade_exit,GOLD,66.09589494477413,5574.087140342599,-849.7875273937407,take_profit
2026-03-04T07:45:00+00:00,trade_exit,BTCUSD,250.83392131542092,5824.92106165802,-598.9536060783194,take_profit
2026-03-04T08:20:00+00:00,trade_exit,BTCUSD,-87.37381592487337,5737.547245733147,-686.3274220031926,stop_loss
2026-03-04T18:40:00+00:00,trade_exit,GOLD,-86.0632086859972,5651.48403704715,-772.3906306891895,stop_loss
2026-03-05T07:55:00+00:00,trade_exit,BTCUSD,-84.77226055571104,5566.711776491439,-857.1628912449005,stop_loss
2026-03-05T10:30:00+00:00,trade_exit,BTCUSD,250.5020299421158,5817.213806433555,-606.6608613027847,take_profit
2026-03-05T13:20:00+00:00,trade_exit,GOLD,-87.25820709650608,5729.955599337049,-693.9190683992911,stop_loss
2026-03-05T13:25:00+00:00,trade_exit,GOLD,68.75946719204431,5798.715066529093,-625.1596012072469,take_profit
2026-03-05T14:35:00+00:00,trade_exit,GOLD,-86.98072599793538,5711.734340531158,-712.1403272051821,stop_loss
2026-03-06T09:40:00+00:00,trade_exit,BTCUSD,-85.6760151079645,5626.058325423193,-797.8163423131464,stop_loss
2026-03-06T12:05:00+00:00,trade_exit,BTCUSD,253.17262464403868,5879.230950067232,-544.6437176691079,take_profit
2026-03-06T16:35:00+00:00,trade_exit,GOLD,70.55077140080725,5949.781721468039,-474.0929462683007,take_profit
2026-03-06T19:05:00+00:00,trade_exit,GOLD,-89.2467258220221,5860.534995646017,-563.3396720903229,stop_loss
2026-03-06T19:35:00+00:00,trade_exit,GOLD,70.3264199477558,5930.861415593773,-493.01325214256667,take_profit
2026-03-07T08:15:00+00:00,trade_exit,BTCUSD,-88.9629212339066,5841.898494359866,-581.9761733764735,stop_loss
2026-03-07T14:10:00+00:00,trade_exit,BTCUSD,262.8854322462033,6104.783926606069,-319.09074113027054,take_profit
2026-03-08T09:10:00+00:00,trade_exit,BTCUSD,274.7152766972808,6379.4992033033495,-44.37546443299016,take_profit
2026-03-08T10:20:00+00:00,trade_exit,BTCUSD,287.07746414865176,6666.576667452001,0.0,take_profit
2026-03-09T07:20:00+00:00,trade_exit,BTCUSD,-99.99865001178001,6566.578017440221,-99.99865001178023,stop_loss
2026-03-09T09:30:00+00:00,trade_exit,BTCUSD,295.49601078480623,6862.074028225027,0.0,take_profit
2026-03-09T18:50:00+00:00,trade_exit,GOLD,-102.93111042337704,6759.142917801651,-102.9311104233766,stop_loss
2026-03-09T19:15:00+00:00,trade_exit,GOLD,-101.38714376702082,6657.75577403463,-204.31825419039706,stop_loss
2026-03-09T19:35:00+00:00,trade_exit,GOLD,79.89306928841583,6737.648843323046,-124.42518490198108,take_profit
2026-03-10T08:50:00+00:00,trade_exit,BTCUSD,-101.06473264984513,6636.584110673201,-225.48991755182578,stop_loss
2026-03-10T09:45:00+00:00,trade_exit,BTCUSD,-99.5487616600999,6537.035349013102,-325.0386792119252,stop_loss
2026-03-10T13:15:00+00:00,trade_exit,GOLD,-98.0555302351975,6438.979818777904,-423.0942094471229,stop_loss
2026-03-10T13:25:00+00:00,trade_exit,GOLD,-96.58469728166797,6342.395121496236,-519.6789067287909,stop_loss
2026-03-10T13:30:00+00:00,trade_exit,GOLD,76.1087414579555,6418.503862954191,-443.5701652708358,take_profit
2026-03-11T08:30:00+00:00,trade_exit,BTCUSD,-96.2775579443088,6322.226305009883,-539.8477232151445,stop_loss
2026-03-11T12:05:00+00:00,trade_exit,BTCUSD,284.5001837254467,6606.726488735329,-255.34753948969774,take_profit
2026-03-11T16:35:00+00:00,trade_exit,GOLD,79.28071786482023,6686.007206600149,-176.06682162487778,take_profit
2026-03-12T08:25:00+00:00,trade_exit,BTCUSD,-100.29010809899786,6585.717098501152,-276.3569297238755,stop_loss
2026-03-12T09:45:00+00:00,trade_exit,BTCUSD,-98.78575647751485,6486.931342023637,-375.14268620139046,stop_loss
2026-03-12T14:00:00+00:00,trade_exit,GOLD,77.84317610428141,6564.774518127918,-297.2995100971093,take_profit
2026-03-12T15:00:00+00:00,trade_exit,GOLD,-98.47161777191754,6466.3029003560005,-395.7711278690267,stop_loss
2026-03-12T16:20:00+00:00,trade_exit,GOLD,77.59563480427457,6543.898535160275,-318.1754930647521,take_profit
2026-03-13T08:35:00+00:00,trade_exit,BTCUSD,294.47543408221065,6838.373969242486,-23.700058982541123,take_profit
2026-03-13T08:45:00+00:00,trade_exit,BTCUSD,-102.57560953863579,6735.79835970385,-126.27566852117707,stop_loss
2026-03-13T13:10:00+00:00,trade_exit,GOLD,80.82958031644964,6816.627940020299,-45.44608820472786,take_profit
2026-03-13T14:50:00+00:00,trade_exit,GOLD,-102.249419100305,6714.378520919994,-147.69550730503306,stop_loss
2026-03-13T14:55:00+00:00,trade_exit,GOLD,-100.71567781379991,6613.6628431061945,-248.4111851188327,stop_loss
2026-03-14T11:00:00+00:00,trade_exit,BTCUSD,21.302112372188635,6634.964955478383,-227.10907274664442,max_hold
2026-03-14T15:00:00+00:00,trade_exit,BTCUSD,-99.52447433216982,6535.440481146213,-326.63354707881444,stop_loss
2026-03-15T09:20:00+00:00,trade_exit,BTCUSD,294.09482165158414,6829.535302797797,-32.53872542723002,take_profit
2026-03-15T09:25:00+00:00,trade_exit,BTCUSD,-102.44302954196695,6727.09227325583,-134.98175496919703,stop_loss
2026-03-16T12:30:00+00:00,trade_exit,BTCUSD,302.719152296516,7029.811425552346,0.0,take_profit
2026-03-16T12:40:00+00:00,trade_exit,BTCUSD,-105.44717138328593,6924.36425416906,-105.44717138328633,stop_loss
2026-03-16T13:30:00+00:00,trade_exit,GOLD,83.09237105003207,7007.456625219092,-22.35480033325439,take_profit
2026-03-16T16:40:00+00:00,trade_exit,GOLD,84.08947950262694,7091.546104721719,0.0,take_profit
2026-03-16T19:05:00+00:00,trade_exit,GOLD,85.09855325665679,7176.644657978375,0.0,take_profit
2026-03-17T10:05:00+00:00,trade_exit,BTCUSD,322.9490096090286,7499.593667587404,0.0,take_profit
2026-03-17T10:25:00+00:00,trade_exit,BTCUSD,-112.49390501380775,7387.099762573596,-112.49390501380731,stop_loss
2026-03-18T07:50:00+00:00,trade_exit,BTCUSD,-110.80649643859962,7276.293266134997,-223.30040145240673,stop_loss
2026-03-18T10:05:00+00:00,trade_exit,BTCUSD,-109.14439899202961,7167.148867142967,-332.4448004444366,stop_loss
2026-03-18T13:15:00+00:00,trade_exit,GOLD,-107.50723300714237,7059.6416341358245,-439.95203345157915,stop_loss
2026-03-18T13:35:00+00:00,trade_exit,GOLD,84.71569960963038,7144.3573337454545,-355.2363338419491,take_profit
2026-03-18T18:55:00+00:00,trade_exit,GOLD,-107.1653600061813,7037.191973739274,-462.40169384813,stop_loss
2026-03-19T07:10:00+00:00,trade_exit,BTCUSD,316.67363881826077,7353.865612557534,-145.7280550298692,take_profit
2026-03-19T07:20:00+00:00,trade_exit,BTCUSD,330.9239525650859,7684.78956512262,0.0,take_profit
2026-03-19T13:25:00+00:00,trade_exit,GOLD,92.21747478147137,7777.0070399040915,0.0,take_profit
2026-03-19T17:15:00+00:00,trade_exit,GOLD,93.32408447884676,7870.3311243829385,0.0,take_profit
2026-03-20T07:05:00+00:00,trade_exit,BTCUSD,-118.05496686574408,7752.276157517194,-118.05496686574406,stop_loss
2026-03-20T08:05:00+00:00,trade_exit,BTCUSD,348.85242708827275,8101.128584605467,0.0,take_profit
2026-03-20T13:35:00+00:00,trade_exit,GOLD,97.2135430152662,8198.342127620734,0.0,take_profit
2026-03-20T14:10:00+00:00,trade_exit,GOLD,-122.97513191431102,8075.366995706423,-122.97513191431062,stop_loss
2026-03-20T14:20:00+00:00,trade_exit,GOLD,-121.13050493559604,7954.236490770827,-244.10563684990666,stop_loss
2026-03-21T07:30:00+00:00,trade_exit,BTCUSD,-119.31354736157415,7834.922943409253,-363.41918421148057,stop_loss
2026-03-21T12:05:00+00:00,trade_exit,BTCUSD,-117.5238441511533,7717.3990992581,-480.9430283626334,stop_loss
2026-03-22T07:50:00+00:00,trade_exit,BTCUSD,-115.76098648886722,7601.638112769233,-596.7040148515007,stop_loss
2026-03-22T08:25:00+00:00,trade_exit,BTCUSD,342.07371507461704,7943.71182784385,-254.63029977688348,take_profit
2026-03-23T07:05:00+00:00,trade_exit,BTCUSD,-119.1556774176551,7824.556150426195,-373.78597719453865,stop_loss
2026-03-23T11:10:00+00:00,trade_exit,BTCUSD,-117.36834225639012,7707.187808169805,-491.1543194509286,stop_loss
2026-03-23T13:25:00+00:00,trade_exit,GOLD,92.4862536980373,7799.674061867842,-398.6680657528914,take_profit
2026-03-23T14:50:00+00:00,trade_exit,GOLD,93.59608874241384,7893.270150610256,-305.0719770104779,take_profit
2026-03-24T07:05:00+00:00,trade_exit,BTCUSD,355.1971567774583,8248.467307387715,0.0,take_profit
2026-03-24T07:55:00+00:00,trade_exit,BTCUSD,371.18102883244137,8619.648336220156,0.0,take_profit
2026-03-25T08:35:00+00:00,trade_exit,BTCUSD,-129.29472504330727,8490.353611176848,-129.29472504330806,stop_loss
2026-03-25T11:25:00+00:00,trade_exit,BTCUSD,382.0659125029543,8872.419523679802,0.0,take_profit
2026-03-25T19:10:00+00:00,trade_exit,GOLD,-133.08629285519876,8739.333230824603,-133.08629285519964,stop_loss
2026-03-25T19:40:00+00:00,trade_exit,GOLD,104.87199876989159,8844.205229594494,-28.21429408530821,take_profit
2026-03-25T19:55:00+00:00,trade_exit,GOLD,106.13046275513601,8950.33569234963,0.0,take_profit
2026-03-26T09:55:00+00:00,trade_exit,BTCUSD,-134.25503538525066,8816.08065696438,-134.25503538525118,stop_loss
2026-03-26T11:40:00+00:00,trade_exit,BTCUSD,-132.2412098544657,8683.839447109913,-266.4962452397176,stop_loss
2026-03-26T16:30:00+00:00,trade_exit,GOLD,-130.25759170665012,8553.581855403263,-396.7538369463673,stop_loss
2026-03-26T16:35:00+00:00,trade_exit,GOLD,-128.30372783104787,8425.278127572215,-525.0575647774149,stop_loss
2026-03-26T17:00:00+00:00,trade_exit,GOLD,101.10333753086552,8526.38146510308,-423.95422724654964,take_profit
2026-03-27T08:30:00+00:00,trade_exit,BTCUSD,383.68716592964637,8910.068631032727,-40.26706131690298,take_profit
2026-03-27T08:35:00+00:00,trade_exit,BTCUSD,400.9530883964651,9311.021719429193,0.0,take_profit
2026-03-27T14:50:00+00:00,trade_exit,GOLD,-139.66532579143905,9171.356393637754,-139.6653257914386,stop_loss
2026-03-27T14:55:00+00:00,trade_exit,GOLD,-137.57034590456465,9033.786047733189,-277.2356716960039,stop_loss
2026-03-27T15:10:00+00:00,trade_exit,GOLD,-135.50679071599686,8898.279257017191,-412.74246241200126,stop_loss
2026-03-28T10:20:00+00:00,trade_exit,BTCUSD,400.42256656578553,9298.701823582976,-12.319895846216241,take_profit
2026-03-28T10:30:00+00:00,trade_exit,BTCUSD,-139.48052735373295,9159.221296229243,-151.80042319994936,stop_loss
2026-03-29T09:40:00+00:00,trade_exit,BTCUSD,-137.38831944344415,9021.8329767858,-289.1887426433932,stop_loss
2026-03-29T11:00:00+00:00,trade_exit,BTCUSD,-135.3274946517747,8886.505482134025,-424.51623729516723,stop_loss
2026-03-30T08:35:00+00:00,trade_exit,BTCUSD,399.8927466960227,9286.398228830049,-24.623490599144134,take_profit
2026-03-30T11:30:00+00:00,trade_exit,BTCUSD,-139.29597343245857,9147.10225539759,-163.91946403160182,stop_loss
2026-03-30T18:55:00+00:00,trade_exit,GOLD,-137.20653383096655,9009.895721566625,-301.1259978625676,stop_loss
2026-03-30T19:30:00+00:00,trade_exit,GOLD,108.11874865880166,9118.014470225427,-193.00724920376524,take_profit
2026-03-31T07:45:00+00:00,trade_exit,BTCUSD,-136.77021705338302,8981.244253172044,-329.77746625714826,stop_loss
2026-03-31T08:45:00+00:00,trade_exit,BTCUSD,404.15599139274076,9385.400244564786,0.0,take_profit
2026-03-31T14:00:00+00:00,trade_exit,GOLD,-140.78100366847536,9244.61924089631,-140.78100366847502,stop_loss
2026-03-31T14:55:00+00:00,trade_exit,GOLD,110.93543089075787,9355.55467178707,-29.84557277771637,take_profit
2026-03-31T17:45:00+00:00,trade_exit,GOLD,-140.33332007680255,9215.221351710266,-170.1788928545193,stop_loss
2026-04-01T12:00:00+00:00,withdrawal,,-1870.3508321222898,7344.870519587977,-2040.5297249768091,50pct_profit_share 2026-03 profit=3740.70
2026-04-01T12:00:00+00:00,trade_exit,BTCUSD,-110.17305779381836,7234.697461794158,-2150.702782770628,stop_loss
2026-04-01T14:15:00+00:00,trade_exit,BTCUSD,-108.52046192691392,7126.1769998672435,-2259.223244697542,stop_loss
2026-04-01T15:40:00+00:00,trade_exit,GOLD,-106.89265499801078,7019.284344869233,-2366.115899695553,stop_loss
2026-04-01T17:55:00+00:00,trade_exit,GOLD,84.23141213842837,7103.515757007661,-2281.884487557125,take_profit
2026-04-02T10:10:00+00:00,trade_exit,BTCUSD,319.65820906534907,7423.17396607301,-1962.2262784917757,take_profit
2026-04-02T10:20:00+00:00,trade_exit,BTCUSD,-111.34760949108853,7311.826356581922,-2073.573887982864,stop_loss
2026-04-02T15:50:00+00:00,trade_exit,GOLD,87.74191627898315,7399.5682728609045,-1985.8319717038812,take_profit
2026-04-02T19:05:00+00:00,trade_exit,GOLD,-110.99352409291278,7288.574748767992,-2096.825495796794,stop_loss
2026-04-02T19:15:00+00:00,trade_exit,GOLD,87.46289698521134,7376.037645753203,-2009.3625988115828,take_profit
2026-04-03T07:10:00+00:00,trade_exit,BTCUSD,-110.64056468630704,7265.397081066896,-2120.0031634978895,stop_loss
2026-04-03T07:35:00+00:00,trade_exit,BTCUSD,326.942868648019,7592.339949714915,-1793.0602948498708,take_profit
2026-04-04T07:20:00+00:00,trade_exit,BTCUSD,-113.88509924574224,7478.454850469173,-1906.9453940956128,stop_loss
2026-04-04T10:45:00+00:00,trade_exit,BTCUSD,336.5304682711344,7814.985318740308,-1570.414925824478,take_profit
2026-04-05T10:40:00+00:00,trade_exit,BTCUSD,-117.22477978112285,7697.7605389591845,-1687.6397056056012,stop_loss
2026-04-05T12:30:00+00:00,trade_exit,BTCUSD,346.3992242531441,8044.1597632123285,-1341.2404813524572,take_profit
2026-04-06T09:10:00+00:00,trade_exit,BTCUSD,361.987189344549,8406.146952556877,-979.2532920079084,take_profit
2026-04-06T09:15:00+00:00,trade_exit,BTCUSD,378.2766128650623,8784.42356542194,-600.9766791428465,take_profit
2026-04-06T18:10:00+00:00,trade_exit,GOLD,105.41308278505633,8889.836648206996,-495.5635963577897,take_profit
2026-04-07T09:10:00+00:00,trade_exit,BTCUSD,400.0426491693181,9289.879297376314,-95.52094718847184,take_profit
2026-04-07T10:45:00+00:00,trade_exit,BTCUSD,418.0445683819421,9707.923865758255,0.0,take_profit
2026-04-07T14:20:00+00:00,trade_exit,GOLD,116.4950863891022,9824.418952147358,0.0,take_profit
2026-04-07T18:45:00+00:00,trade_exit,GOLD,117.89302742576756,9942.311979573125,0.0,take_profit
2026-04-08T12:20:00+00:00,trade_exit,BTCUSD,-149.1346796936071,9793.177299879519,-149.1346796936068,stop_loss
2026-04-08T13:05:00+00:00,trade_exit,BTCUSD,440.69297849457297,10233.870278374092,0.0,take_profit
2026-04-08T14:40:00+00:00,trade_exit,GOLD,122.80644334049049,10356.676721714583,0.0,take_profit
2026-04-08T15:15:00+00:00,trade_exit,GOLD,124.28012066057306,10480.956842375155,0.0,take_profit
2026-04-08T18:00:00+00:00,trade_exit,GOLD,-157.2143526356327,10323.742489739523,-157.21435263563217,stop_loss
2026-04-09T07:15:00+00:00,trade_exit,BTCUSD,-154.85613734609038,10168.886352393432,-312.07048998172286,stop_loss
2026-04-09T08:45:00+00:00,trade_exit,BTCUSD,457.59988585770446,10626.486238251136,0.0,take_profit
2026-04-09T13:35:00+00:00,trade_exit,GOLD,-159.3972935737732,10467.088944677364,-159.3972935737729,stop_loss
2026-04-09T13:50:00+00:00,trade_exit,GOLD,125.6050673361291,10592.694012013493,-33.79222623764326,take_profit
2026-04-09T14:15:00+00:00,trade_exit,GOLD,127.1123281441666,10719.80634015766,0.0,take_profit
2026-04-10T07:50:00+00:00,trade_exit,BTCUSD,482.39128530708797,11202.197625464749,0.0,take_profit
2026-04-10T08:05:00+00:00,trade_exit,BTCUSD,-168.03296438198083,11034.164661082768,-168.0329643819805,stop_loss
2026-04-11T09:15:00+00:00,trade_exit,BTCUSD,-165.51246991625604,10868.652191166513,-333.5454342982357,stop_loss
2026-04-11T12:10:00+00:00,trade_exit,BTCUSD,-163.0297828674977,10705.622408299016,-496.5752171657332,stop_loss
2026-04-12T09:20:00+00:00,trade_exit,BTCUSD,-160.58433612449264,10545.038072174522,-657.1595532902265,stop_loss
2026-04-12T10:05:00+00:00,trade_exit,BTCUSD,-158.17557108261784,10386.862501091904,-815.3351243728448,stop_loss
2026-04-13T08:25:00+00:00,trade_exit,BTCUSD,-155.8029375163891,10231.059563575514,-971.1380618892345,stop_loss
2026-04-13T08:55:00+00:00,trade_exit,BTCUSD,-153.46589345364117,10077.593670121872,-1124.6039553428764,stop_loss
2026-04-13T13:50:00+00:00,trade_exit,GOLD,120.93112404146062,10198.524794163333,-1003.6728313014155,take_profit
2026-04-13T17:05:00+00:00,trade_exit,GOLD,122.38229752996484,10320.907091693298,-881.290533771451,take_profit
2026-04-13T17:50:00+00:00,trade_exit,GOLD,123.85088510031612,10444.757976793613,-757.4396486711357,take_profit
2026-04-14T07:05:00+00:00,trade_exit,BTCUSD,470.014108955708,10914.77208574932,-287.4255397154284,take_profit
2026-04-14T07:10:00+00:00,trade_exit,BTCUSD,-163.72158128624733,10751.050504463074,-451.14712100167526,stop_loss
2026-04-14T14:30:00+00:00,trade_exit,GOLD,-161.2657575669452,10589.784746896128,-612.4128785686207,stop_loss
2026-04-14T17:05:00+00:00,trade_exit,GOLD,-158.84677120344688,10430.937975692681,-771.2596497720679,stop_loss
2026-04-14T17:35:00+00:00,trade_exit,GOLD,-156.4640696353871,10274.473906057294,-927.7237194074551,stop_loss
2026-04-15T07:10:00+00:00,trade_exit,BTCUSD,-154.11710859087415,10120.35679746642,-1081.8408279983287,stop_loss
2026-04-15T07:50:00+00:00,trade_exit,BTCUSD,-151.8053519620074,9968.551445504412,-1233.6461799603367,stop_loss
2026-04-15T14:00:00+00:00,trade_exit,GOLD,119.6226173460582,10088.17406285047,-1114.0235626142785,take_profit
2026-04-15T15:35:00+00:00,trade_exit,GOLD,121.05808875420452,10209.232151604674,-992.9654738600748,take_profit
2026-04-16T08:00:00+00:00,trade_exit,BTCUSD,-153.13848227407232,10056.093669330601,-1146.1039561341477,stop_loss
2026-04-16T08:20:00+00:00,trade_exit,BTCUSD,-150.84140503996105,9905.25226429064,-1296.9453611741083,stop_loss
2026-04-16T14:10:00+00:00,trade_exit,GOLD,118.86302717148664,10024.115291462127,-1178.0823340026218,take_profit
2026-04-16T17:00:00+00:00,trade_exit,GOLD,120.28938349753872,10144.404674959665,-1057.7929505050834,take_profit
2026-04-16T17:35:00+00:00,trade_exit,GOLD,-152.16607012439266,9992.238604835273,-1209.959020629476,stop_loss
2026-04-17T08:30:00+00:00,trade_exit,BTCUSD,449.6507372175944,10441.889342052868,-760.3082834118813,take_profit
2026-04-17T08:35:00+00:00,trade_exit,BTCUSD,-156.62834013078182,10285.261001922087,-916.9366235426623,stop_loss
2026-04-17T13:05:00+00:00,trade_exit,GOLD,-154.2789150288304,10130.982086893257,-1071.2155385714923,stop_loss
2026-04-17T13:10:00+00:00,trade_exit,GOLD,-151.96473130339848,9979.017355589858,-1223.1802698748907,stop_loss
2026-04-17T13:15:00+00:00,trade_exit,GOLD,119.74820826708101,10098.76556385694,-1103.4320616078094,take_profit
2026-04-18T08:30:00+00:00,trade_exit,BTCUSD,454.4444503735457,10553.210014230484,-648.9876112342645,take_profit
2026-04-18T08:50:00+00:00,trade_exit,BTCUSD,-158.29815021345547,10394.911864017029,-807.2857614477198,stop_loss
2026-04-19T07:20:00+00:00,trade_exit,BTCUSD,467.7710338807715,10862.682897897801,-339.51472756694784,take_profit
2026-04-19T07:30:00+00:00,trade_exit,BTCUSD,-162.9402434684534,10699.742654429348,-502.4549710354004,stop_loss
2026-04-20T07:20:00+00:00,trade_exit,BTCUSD,481.4884194493302,11181.231073878678,-20.966551586070636,take_profit
2026-04-20T07:25:00+00:00,trade_exit,BTCUSD,-167.71846610817485,11013.512607770503,-188.6850176942462,stop_loss
2026-04-20T14:00:00+00:00,trade_exit,GOLD,132.1621512932448,11145.674759063748,-56.52286640100101,take_profit
2026-04-20T19:30:00+00:00,trade_exit,GOLD,133.74809710875658,11279.422856172505,0.0,take_profit
2026-04-21T07:30:00+00:00,trade_exit,BTCUSD,-169.19134284259712,11110.231513329907,-169.1913428425978,stop_loss
2026-04-21T08:45:00+00:00,trade_exit,BTCUSD,499.9604180998545,11610.191931429761,0.0,take_profit
2026-04-21T13:30:00+00:00,trade_exit,GOLD,139.32230317715633,11749.514234606917,0.0,take_profit
2026-04-21T14:45:00+00:00,trade_exit,GOLD,-176.24271351910932,11573.271521087807,-176.2427135191101,stop_loss
2026-04-21T14:50:00+00:00,trade_exit,GOLD,138.87925825304885,11712.150779340856,-37.363455266060555,take_profit
2026-04-22T11:05:00+00:00,trade_exit,BTCUSD,-175.68226169009588,11536.468517650761,-213.04571695615596,stop_loss
2026-04-22T11:35:00+00:00,trade_exit,BTCUSD,-173.04702776475068,11363.42148988601,-386.0927447209069,stop_loss
2026-04-22T17:00:00+00:00,trade_exit,GOLD,136.3610578786283,11499.782547764638,-249.73168684227858,take_profit
2026-04-23T09:05:00+00:00,trade_exit,BTCUSD,517.4902146494197,12017.272762414059,0.0,take_profit
2026-04-23T09:15:00+00:00,trade_exit,BTCUSD,-180.25909143621408,11837.013670977845,-180.25909143621357,stop_loss
2026-04-23T13:10:00+00:00,trade_exit,GOLD,142.04416405173413,11979.05783502958,-38.21492738447887,take_profit
2026-04-23T15:30:00+00:00,trade_exit,GOLD,143.74869402036265,12122.806529049943,0.0,take_profit
2026-04-23T17:50:00+00:00,trade_exit,GOLD,145.4736783485966,12268.28020739854,0.0,take_profit
2026-04-24T09:15:00+00:00,trade_exit,BTCUSD,-184.0242031109831,12084.256004287558,-184.02420311098285,stop_loss
2026-04-24T11:05:00+00:00,trade_exit,BTCUSD,543.7915201929377,12628.047524480495,0.0,take_profit
2026-04-24T15:35:00+00:00,trade_exit,GOLD,151.53657029376933,12779.584094774264,0.0,take_profit
2026-04-25T07:15:00+00:00,trade_exit,BTCUSD,-191.6937614216084,12587.890333352656,-191.69376142160763,stop_loss
2026-04-25T10:25:00+00:00,trade_exit,BTCUSD,566.4550650008327,13154.34539835349,0.0,take_profit
2026-04-26T08:35:00+00:00,trade_exit,BTCUSD,591.9455429258854,13746.290941279374,0.0,take_profit
2026-04-26T08:40:00+00:00,trade_exit,BTCUSD,-206.19436411918522,13540.09657716019,-206.19436411918468,stop_loss
2026-04-27T12:40:00+00:00,trade_exit,BTCUSD,-203.10144865739576,13336.995128502795,-409.2958127765796,stop_loss
2026-04-27T14:50:00+00:00,trade_exit,BTCUSD,-200.05492692754473,13136.94020157525,-609.3507397041249,stop_loss
2026-04-27T15:15:00+00:00,trade_exit,GOLD,157.64328241890806,13294.583483994158,-451.70745728521615,take_profit
2026-04-27T19:45:00+00:00,trade_exit,GOLD,159.5350018079361,13454.118485802093,-292.1724554772809,take_profit
2026-04-28T07:20:00+00:00,trade_exit,BTCUSD,-201.81177728704643,13252.306708515047,-493.9842327643273,stop_loss
2026-04-28T10:00:00+00:00,trade_exit,BTCUSD,-198.78460062773485,13053.522107887313,-692.7688333920614,stop_loss
2026-04-28T15:00:00+00:00,trade_exit,GOLD,156.64226529464426,13210.164373181957,-536.1265680974175,take_profit
2026-04-29T09:45:00+00:00,trade_exit,BTCUSD,594.4573967932114,13804.621769975169,0.0,take_profit
2026-04-29T10:25:00+00:00,trade_exit,BTCUSD,621.2079796488825,14425.829749624052,0.0,take_profit
2026-04-29T13:20:00+00:00,trade_exit,GOLD,-216.38744624436455,14209.442303379688,-216.38744624436367,stop_loss
2026-04-29T13:35:00+00:00,trade_exit,GOLD,-213.14163455070218,13996.300668828986,-429.52908079506597,stop_loss
2026-04-29T13:40:00+00:00,trade_exit,GOLD,-209.94451003244032,13786.356158796545,-639.473590827507,stop_loss
2026-04-30T09:30:00+00:00,trade_exit,BTCUSD,620.3860271458584,14406.742185942403,-19.087563681649044,take_profit
2026-04-30T09:40:00+00:00,trade_exit,BTCUSD,-216.1011327891209,14190.641053153282,-235.18869647077008,stop_loss
2026-05-01T08:20:00+00:00,withdrawal,,-3422.8852667826513,10767.755786370632,-3658.0739632534205,50pct_profit_share 2026-04 profit=6845.77
2026-05-01T08:20:00+00:00,trade_exit,BTCUSD,484.5490103866784,11252.30479675731,-3173.5249528667428,take_profit
2026-05-01T08:35:00+00:00,trade_exit,BTCUSD,-168.78457195134837,11083.520224805961,-3342.3095248180907,stop_loss
2026-05-01T13:55:00+00:00,trade_exit,GOLD,-166.2528033720865,10917.267421433875,-3508.562328190177,stop_loss
2026-05-01T14:00:00+00:00,trade_exit,GOLD,-163.75901132150193,10753.508410112372,-3672.32133951168,stop_loss
2026-05-01T14:10:00+00:00,trade_exit,GOLD,-161.30262615168832,10592.205783960684,-3833.623965663368,stop_loss
2026-05-02T14:25:00+00:00,trade_exit,BTCUSD,476.64926027824225,11068.855044238926,-3356.974705385126,take_profit
2026-05-02T16:15:00+00:00,trade_exit,BTCUSD,498.0984769907574,11566.953521229683,-2858.876228394369,take_profit
2026-05-03T09:25:00+00:00,trade_exit,BTCUSD,520.5129084553555,12087.466429685039,-2338.3633199390133,take_profit
2026-05-03T09:30:00+00:00,trade_exit,BTCUSD,-181.31199644524267,11906.154433239795,-2519.675316384257,stop_loss
2026-05-04T09:55:00+00:00,trade_exit,BTCUSD,-178.59231649860175,11727.562116741194,-2698.2676328828584,stop_loss
2026-05-04T10:05:00+00:00,trade_exit,BTCUSD,527.7402952533461,12255.30241199454,-2170.5273376295117,take_profit
2026-05-04T15:25:00+00:00,trade_exit,GOLD,147.06362894393826,12402.36604093848,-2023.4637086855728,take_profit
2026-05-04T15:50:00+00:00,trade_exit,GOLD,-186.0354906140772,12216.330550324403,-2209.4991992996493,stop_loss
2026-05-04T16:05:00+00:00,trade_exit,GOLD,-183.24495825486545,12033.085592069538,-2392.7441575545145,stop_loss
2026-05-05T11:35:00+00:00,trade_exit,BTCUSD,541.4888516431417,12574.57444371268,-1851.2553059113725,take_profit
2026-05-05T11:50:00+00:00,trade_exit,BTCUSD,-188.6186166556807,12385.955827057,-2039.8739225670524,stop_loss
2026-05-05T14:10:00+00:00,trade_exit,GOLD,148.6314699246881,12534.587296981688,-1891.2424526423638,take_profit
2026-05-05T20:25:00+00:00,trade_exit,GOLD,150.41504756378026,12685.002344545468,-1740.827405078584,take_profit
2026-05-06T07:10:00+00:00,trade_exit,BTCUSD,-190.2750351681793,12494.72730937729,-1931.1024402467629,stop_loss
2026-05-06T08:35:00+00:00,trade_exit,BTCUSD,-187.42090964064457,12307.306399736644,-2118.5233498874077,stop_loss
2026-05-06T15:10:00+00:00,trade_exit,GOLD,147.68767679684237,12454.994076533487,-1970.8356730905653,take_profit
2026-05-06T19:20:00+00:00,trade_exit,GOLD,-186.82491114799012,12268.169165385496,-2157.660584238556,stop_loss
2026-05-06T19:30:00+00:00,trade_exit,GOLD,147.21802998463224,12415.387195370127,-2010.4425542539248,take_profit
2026-05-07T07:30:00+00:00,trade_exit,BTCUSD,-186.2308079305612,12229.156387439567,-2196.673362184485,stop_loss
2026-05-07T09:25:00+00:00,trade_exit,BTCUSD,550.3120374347848,12779.468424874352,-1646.3613247496996,take_profit
2026-05-07T14:35:00+00:00,trade_exit,GOLD,153.3536210984952,12932.822045972847,-1493.0077036512048,take_profit
2026-05-07T15:15:00+00:00,trade_exit,GOLD,155.19386455166887,13088.015910524517,-1337.8138390995355,take_profit
2026-05-07T16:15:00+00:00,trade_exit,GOLD,-196.32023865786712,12891.69567186665,-1534.1340777574023,stop_loss
2026-05-08T07:35:00+00:00,trade_exit,BTCUSD,-193.3754350779997,12698.32023678865,-1727.5095128354023,stop_loss
2026-05-08T11:00:00+00:00,trade_exit,BTCUSD,571.4244106554918,13269.744647444142,-1156.0851021799099,take_profit
2026-05-08T14:05:00+00:00,trade_exit,GOLD,159.2369357693301,13428.981583213472,-996.8481664105802,take_profit
2026-05-08T18:45:00+00:00,trade_exit,GOLD,161.14777899857526,13590.129362212047,-835.7003874120055,take_profit
2026-05-09T07:15:00+00:00,trade_exit,BTCUSD,-203.85194043317503,13386.277421778872,-1039.5523278451801,stop_loss
2026-05-09T10:15:00+00:00,trade_exit,BTCUSD,-200.79416132670994,13185.483260452162,-1240.3464891718904,stop_loss
2026-05-10T09:35:00+00:00,trade_exit,BTCUSD,-197.78224890678874,12987.701011545372,-1438.1287380786798,stop_loss
2026-05-10T11:05:00+00:00,trade_exit,BTCUSD,-194.8155151731844,12792.885496372188,-1632.9442532518642,stop_loss
2026-05-11T07:15:00+00:00,trade_exit,BTCUSD,-191.89328244558018,12600.992213926607,-1824.8375356974448,stop_loss
2026-05-11T08:10:00+00:00,trade_exit,BTCUSD,-189.0148832089018,12411.977330717706,-2013.8524189063464,stop_loss
2026-05-11T13:10:00+00:00,trade_exit,GOLD,-186.17965996076663,12225.79767075694,-2200.0320788671124,stop_loss
2026-05-11T13:20:00+00:00,trade_exit,GOLD,-183.386965061358,12042.410705695582,-2383.4190439284703,stop_loss
2026-05-11T13:40:00+00:00,trade_exit,GOLD,-180.63616058543673,11861.774545110145,-2564.0552045139066,stop_loss
2026-05-12T07:05:00+00:00,trade_exit,BTCUSD,-177.9266181766672,11683.847926933478,-2741.9818226905736,stop_loss
2026-05-12T11:05:00+00:00,trade_exit,BTCUSD,525.7731567120181,12209.621083645496,-2216.2086659785564,take_profit
2026-05-12T14:00:00+00:00,trade_exit,GOLD,146.51545300374522,12356.136536649241,-2069.693212974811,take_profit
2026-05-12T15:20:00+00:00,trade_exit,GOLD,-185.34204804974277,12170.794488599498,-2255.0352610245536,stop_loss
2026-05-12T15:25:00+00:00,trade_exit,GOLD,146.0495338631979,12316.844022462696,-2108.9857271613564,take_profit
2026-05-13T07:35:00+00:00,trade_exit,BTCUSD,-184.75266033694044,12132.091362125755,-2293.738387498297,stop_loss
2026-05-13T10:25:00+00:00,trade_exit,BTCUSD,-181.98137043189857,11950.109991693857,-2475.7197579301956,stop_loss
2026-05-13T16:40:00+00:00,trade_exit,GOLD,143.40131990032054,12093.511311594177,-2332.3184380298753,take_profit
2026-05-13T18:50:00+00:00,trade_exit,GOLD,145.12213573912163,12238.633447333299,-2187.196302290753,take_profit
2026-05-14T08:05:00+00:00,trade_exit,BTCUSD,-183.5795017099888,12055.053945623311,-2370.775804000741,stop_loss
2026-05-14T10:00:00+00:00,trade_exit,BTCUSD,-180.8258091843365,11874.228136438975,-2551.6016131850774,stop_loss
2026-05-14T16:50:00+00:00,trade_exit,GOLD,142.4907376372789,12016.718874076254,-2409.110875547798,take_profit
2026-05-14T19:30:00+00:00,trade_exit,GOLD,-180.2507831111403,11836.468090965114,-2589.361658658938,stop_loss
2026-05-14T19:35:00+00:00,trade_exit,GOLD,-177.5470213644655,11658.921069600648,-2766.9086800234036,stop_loss
2026-05-15T07:30:00+00:00,trade_exit,BTCUSD,-174.883816043999,11484.03725355665,-2941.7924960674027,stop_loss
2026-05-15T09:55:00+00:00,trade_exit,BTCUSD,-172.2605588033455,11311.776694753304,-3114.0530548707484,stop_loss
2026-05-15T16:35:00+00:00,trade_exit,GOLD,135.74132033704598,11447.518015090349,-2978.311734533703,take_profit
2026-05-16T07:10:00+00:00,trade_exit,BTCUSD,515.1383106790532,11962.656325769402,-2463.1734238546505,take_profit
2026-05-16T07:20:00+00:00,trade_exit,BTCUSD,-179.43984488654738,11783.216480882855,-2642.6132687411973,stop_loss
2026-05-17T00:00:00+00:00,withdrawal,,-507.73034725611086,11275.486133626744,-3150.343615997308,50pct_profit_share 2026-05 profit=1015.46
